"","id","title","date","views","likes","comment_count","textOriginal","authorDisplayName","likeCount","publishedAt"
"1","0zzHtVOo8sg","El socialismo aumenta la pobreza. Giancarlo Barbagelata","2022-09-07T21:30:23Z","821","68","5","üëåüëåüëå Tal cual , Don Giancarlo ü•ä","Pedro Fern√°ndez","1","2022-09-07T22:00:26Z"
"2","0zzHtVOo8sg","El socialismo aumenta la pobreza. Giancarlo Barbagelata","2022-09-07T21:30:23Z","821","68","5","Q TERRIBLE","Nilza Alvarez Vidal","0","2022-09-14T15:46:23Z"
"3","0zzHtVOo8sg","El socialismo aumenta la pobreza. Giancarlo Barbagelata","2022-09-07T21:30:23Z","821","68","5","Giancarlo no se vendan a la ONU.. como izquierda y derecha","Cristian Medina C.","4","2022-09-07T23:33:19Z"
"4","0zzHtVOo8sg","El socialismo aumenta la pobreza. Giancarlo Barbagelata","2022-09-07T21:30:23Z","821","68","5","Parisi Presidente de Chile!","Jonathan E","0","2022-09-07T22:31:27Z"
"5","0zzHtVOo8sg","El socialismo aumenta la pobreza. Giancarlo Barbagelata","2022-09-07T21:30:23Z","821","68","5","cChile Vamos en Caida Libre 
https://youtu.be/fdlcuxji3_g","Manuel Manuel","0","2022-09-07T21:53:02Z"
"6","1sT3PibOYS4","Barbagelata: ""Hay que seguir la ruta del dinero... OJO CIPER"" | BADBOYS","2022-06-27T18:08:08Z","3966","299","9","Es lo mismo que paso con la f√°brica de contenedores refrigerados ""MAERKS"", donde se fue la f√°brica? quien financio a los dirigentes comunistas para tenerla en paro?","Shooter","0","2022-06-27T19:42:01Z"
"7","1sT3PibOYS4","Barbagelata: ""Hay que seguir la ruta del dinero... OJO CIPER"" | BADBOYS","2022-06-27T18:08:08Z","3966","299","9","rechazo aguante el PDG","Marcelo Esteban Mu√±oz Lastarria","7","2022-06-27T18:36:15Z"
"8","1sT3PibOYS4","Barbagelata: ""Hay que seguir la ruta del dinero... OJO CIPER"" | BADBOYS","2022-06-27T18:08:08Z","3966","299","9","buen dato. Mover concentrado a China, en donde se usa esclavitud es el peor error que ha hecho chile.","Marcelo Silva","1","2022-06-27T21:01:28Z"
"9","1sT3PibOYS4","Barbagelata: ""Hay que seguir la ruta del dinero... OJO CIPER"" | BADBOYS","2022-06-27T18:08:08Z","3966","299","9","No valla a ser que a Ciper se le ocurra investigar nom√°s po ü§£ü§£ü§£","Luis Aguilar","0","2022-06-28T08:32:45Z"
"10","1sT3PibOYS4","Barbagelata: ""Hay que seguir la ruta del dinero... OJO CIPER"" | BADBOYS","2022-06-27T18:08:08Z","3966","299","9","Los c√°todos pagan impuestos. El concentrado para abastecer a las fundiciones, no. Por eso las mineras exportan concentrado y un peque√±o porcentaje en c√°todos. Las mineras no han aceptado el Royalty por a√±os.","Francisco Cortez","1","2022-06-27T19:16:20Z"
"11","1sT3PibOYS4","Barbagelata: ""Hay que seguir la ruta del dinero... OJO CIPER"" | BADBOYS","2022-06-27T18:08:08Z","3966","299","9","Hay que votar rechazo","patricio henriquez","4","2022-06-28T01:35:22Z"
"12","1sT3PibOYS4","Barbagelata: ""Hay que seguir la ruta del dinero... OJO CIPER"" | BADBOYS","2022-06-27T18:08:08Z","3966","299","9","Buenas tardes mis chicos buenos inteligentes","karin San Mart√≠n","1","2022-06-27T23:02:26Z"
"13","1sT3PibOYS4","Barbagelata: ""Hay que seguir la ruta del dinero... OJO CIPER"" | BADBOYS","2022-06-27T18:08:08Z","3966","299","9","Ojal√° est√° vez votemos RECHAZO y no le demos m√°s vuelta al tema....hoy debemos salvar nuestro pa√≠s y a nuestras familias de las garras del Comunismo, ONU y de los sic√≥patas que dirigen nuestro amado Chile. !!","jorge espinoza","5","2022-06-27T22:32:09Z"
"14","1sT3PibOYS4","Barbagelata: ""Hay que seguir la ruta del dinero... OJO CIPER"" | BADBOYS","2022-06-27T18:08:08Z","3966","299","9","No valla a ser que a Ciper se le ocurra investigar nom√°s po ü§£ü§£ü§£","Luis Aguilar","0","2022-06-28T08:32:45Z"
"15","1sT3PibOYS4","Barbagelata: ""Hay que seguir la ruta del dinero... OJO CIPER"" | BADBOYS","2022-06-27T18:08:08Z","3966","299","9","Ya lo dijo Pacheco, https://www.youtube.com/watch?v=USpySm98pEQ","Veritas Libertas","0","2022-06-28T05:14:09Z"
"16","1sT3PibOYS4","Barbagelata: ""Hay que seguir la ruta del dinero... OJO CIPER"" | BADBOYS","2022-06-27T18:08:08Z","3966","299","9","Hay que votar rechazo","patricio henriquez","4","2022-06-28T01:35:22Z"
"17","1sT3PibOYS4","Barbagelata: ""Hay que seguir la ruta del dinero... OJO CIPER"" | BADBOYS","2022-06-27T18:08:08Z","3966","299","9","Buenas tardes mis chicos buenos inteligentes","karin San Mart√≠n","1","2022-06-27T23:02:26Z"
"18","1sT3PibOYS4","Barbagelata: ""Hay que seguir la ruta del dinero... OJO CIPER"" | BADBOYS","2022-06-27T18:08:08Z","3966","299","9","buen dato. Mover concentrado a China, en donde se usa esclavitud es el peor error que ha hecho chile.","Marcelo Silva","1","2022-06-27T21:01:28Z"
"19","1sT3PibOYS4","Barbagelata: ""Hay que seguir la ruta del dinero... OJO CIPER"" | BADBOYS","2022-06-27T18:08:08Z","3966","299","9","Ya lo dijo Pacheco, https://www.youtube.com/watch?v=USpySm98pEQ","Veritas Libertas","0","2022-06-28T05:14:09Z"
"20","1sT3PibOYS4","Barbagelata: ""Hay que seguir la ruta del dinero... OJO CIPER"" | BADBOYS","2022-06-27T18:08:08Z","3966","299","9","Los c√°todos pagan impuestos. El concentrado para abastecer a las fundiciones, no. Por eso las mineras exportan concentrado y un peque√±o porcentaje en c√°todos. Las mineras no han aceptado el Royalty por a√±os.","Francisco Cortez","1","2022-06-27T19:16:20Z"
"21","1sT3PibOYS4","Barbagelata: ""Hay que seguir la ruta del dinero... OJO CIPER"" | BADBOYS","2022-06-27T18:08:08Z","3966","299","9","rechazo aguante el PDG","Marcelo Esteban Mu√±oz Lastarria","7","2022-06-27T18:36:15Z"
"22","1sT3PibOYS4","Barbagelata: ""Hay que seguir la ruta del dinero... OJO CIPER"" | BADBOYS","2022-06-27T18:08:08Z","3966","299","9","Ojal√° est√° vez votemos RECHAZO y no le demos m√°s vuelta al tema....hoy debemos salvar nuestro pa√≠s y a nuestras familias de las garras del Comunismo, ONU y de los sic√≥patas que dirigen nuestro amado Chile. !!","jorge espinoza","5","2022-06-27T22:32:09Z"
"23","1sT3PibOYS4","Barbagelata: ""Hay que seguir la ruta del dinero... OJO CIPER"" | BADBOYS","2022-06-27T18:08:08Z","3966","299","9","Es lo mismo que paso con la f√°brica de contenedores refrigerados ""MAERKS"", donde se fue la f√°brica? quien financio a los dirigentes comunistas para tenerla en paro?","Shooter","0","2022-06-27T19:42:01Z"
"24","1sT3PibOYS4","Barbagelata: ""Hay que seguir la ruta del dinero... OJO CIPER"" | BADBOYS","2022-06-27T18:08:08Z","3966","299","9","Es lo mismo que paso con la f√°brica de contenedores refrigerados ""MAERKS"", donde se fue la f√°brica? quien financio a los dirigentes comunistas para tenerla en paro?","Shooter","0","2022-06-27T19:42:01Z"
"25","1sT3PibOYS4","Barbagelata: ""Hay que seguir la ruta del dinero... OJO CIPER"" | BADBOYS","2022-06-27T18:08:08Z","3966","299","9","rechazo aguante el PDG","Marcelo Esteban Mu√±oz Lastarria","7","2022-06-27T18:36:15Z"
"26","1sT3PibOYS4","Barbagelata: ""Hay que seguir la ruta del dinero... OJO CIPER"" | BADBOYS","2022-06-27T18:08:08Z","3966","299","9","buen dato. Mover concentrado a China, en donde se usa esclavitud es el peor error que ha hecho chile.","Marcelo Silva","1","2022-06-27T21:01:28Z"
"27","1sT3PibOYS4","Barbagelata: ""Hay que seguir la ruta del dinero... OJO CIPER"" | BADBOYS","2022-06-27T18:08:08Z","3966","299","9","No valla a ser que a Ciper se le ocurra investigar nom√°s po ü§£ü§£ü§£","Luis Aguilar","0","2022-06-28T08:32:45Z"
"28","1sT3PibOYS4","Barbagelata: ""Hay que seguir la ruta del dinero... OJO CIPER"" | BADBOYS","2022-06-27T18:08:08Z","3966","299","9","Los c√°todos pagan impuestos. El concentrado para abastecer a las fundiciones, no. Por eso las mineras exportan concentrado y un peque√±o porcentaje en c√°todos. Las mineras no han aceptado el Royalty por a√±os.","Francisco Cortez","1","2022-06-27T19:16:20Z"
"29","1sT3PibOYS4","Barbagelata: ""Hay que seguir la ruta del dinero... OJO CIPER"" | BADBOYS","2022-06-27T18:08:08Z","3966","299","9","Hay que votar rechazo","patricio henriquez","4","2022-06-28T01:35:22Z"
"30","1sT3PibOYS4","Barbagelata: ""Hay que seguir la ruta del dinero... OJO CIPER"" | BADBOYS","2022-06-27T18:08:08Z","3966","299","9","Buenas tardes mis chicos buenos inteligentes","karin San Mart√≠n","1","2022-06-27T23:02:26Z"
"31","1sT3PibOYS4","Barbagelata: ""Hay que seguir la ruta del dinero... OJO CIPER"" | BADBOYS","2022-06-27T18:08:08Z","3966","299","9","Ojal√° est√° vez votemos RECHAZO y no le demos m√°s vuelta al tema....hoy debemos salvar nuestro pa√≠s y a nuestras familias de las garras del Comunismo, ONU y de los sic√≥patas que dirigen nuestro amado Chile. !!","jorge espinoza","5","2022-06-27T22:32:09Z"
"32","1sT3PibOYS4","Barbagelata: ""Hay que seguir la ruta del dinero... OJO CIPER"" | BADBOYS","2022-06-27T18:08:08Z","3966","299","9","No valla a ser que a Ciper se le ocurra investigar nom√°s po ü§£ü§£ü§£","Luis Aguilar","0","2022-06-28T08:32:45Z"
"33","1sT3PibOYS4","Barbagelata: ""Hay que seguir la ruta del dinero... OJO CIPER"" | BADBOYS","2022-06-27T18:08:08Z","3966","299","9","Ya lo dijo Pacheco, https://www.youtube.com/watch?v=USpySm98pEQ","Veritas Libertas","0","2022-06-28T05:14:09Z"
"34","1sT3PibOYS4","Barbagelata: ""Hay que seguir la ruta del dinero... OJO CIPER"" | BADBOYS","2022-06-27T18:08:08Z","3966","299","9","Hay que votar rechazo","patricio henriquez","4","2022-06-28T01:35:22Z"
"35","1sT3PibOYS4","Barbagelata: ""Hay que seguir la ruta del dinero... OJO CIPER"" | BADBOYS","2022-06-27T18:08:08Z","3966","299","9","Buenas tardes mis chicos buenos inteligentes","karin San Mart√≠n","1","2022-06-27T23:02:26Z"
"36","1sT3PibOYS4","Barbagelata: ""Hay que seguir la ruta del dinero... OJO CIPER"" | BADBOYS","2022-06-27T18:08:08Z","3966","299","9","buen dato. Mover concentrado a China, en donde se usa esclavitud es el peor error que ha hecho chile.","Marcelo Silva","1","2022-06-27T21:01:28Z"
"37","1sT3PibOYS4","Barbagelata: ""Hay que seguir la ruta del dinero... OJO CIPER"" | BADBOYS","2022-06-27T18:08:08Z","3966","299","9","Ya lo dijo Pacheco, https://www.youtube.com/watch?v=USpySm98pEQ","Veritas Libertas","0","2022-06-28T05:14:09Z"
"38","1sT3PibOYS4","Barbagelata: ""Hay que seguir la ruta del dinero... OJO CIPER"" | BADBOYS","2022-06-27T18:08:08Z","3966","299","9","Los c√°todos pagan impuestos. El concentrado para abastecer a las fundiciones, no. Por eso las mineras exportan concentrado y un peque√±o porcentaje en c√°todos. Las mineras no han aceptado el Royalty por a√±os.","Francisco Cortez","1","2022-06-27T19:16:20Z"
"39","1sT3PibOYS4","Barbagelata: ""Hay que seguir la ruta del dinero... OJO CIPER"" | BADBOYS","2022-06-27T18:08:08Z","3966","299","9","rechazo aguante el PDG","Marcelo Esteban Mu√±oz Lastarria","7","2022-06-27T18:36:15Z"
"40","1sT3PibOYS4","Barbagelata: ""Hay que seguir la ruta del dinero... OJO CIPER"" | BADBOYS","2022-06-27T18:08:08Z","3966","299","9","Ojal√° est√° vez votemos RECHAZO y no le demos m√°s vuelta al tema....hoy debemos salvar nuestro pa√≠s y a nuestras familias de las garras del Comunismo, ONU y de los sic√≥patas que dirigen nuestro amado Chile. !!","jorge espinoza","5","2022-06-27T22:32:09Z"
"41","1sT3PibOYS4","Barbagelata: ""Hay que seguir la ruta del dinero... OJO CIPER"" | BADBOYS","2022-06-27T18:08:08Z","3966","299","9","Es lo mismo que paso con la f√°brica de contenedores refrigerados ""MAERKS"", donde se fue la f√°brica? quien financio a los dirigentes comunistas para tenerla en paro?","Shooter","0","2022-06-27T19:42:01Z"
"42","1sT3PibOYS4","Barbagelata: ""Hay que seguir la ruta del dinero... OJO CIPER"" | BADBOYS","2022-06-27T18:08:08Z","3966","299","9","Es lo mismo que paso con la f√°brica de contenedores refrigerados ""MAERKS"", donde se fue la f√°brica? quien financio a los dirigentes comunistas para tenerla en paro?","Shooter","0","2022-06-27T19:42:01Z"
"43","1sT3PibOYS4","Barbagelata: ""Hay que seguir la ruta del dinero... OJO CIPER"" | BADBOYS","2022-06-27T18:08:08Z","3966","299","9","rechazo aguante el PDG","Marcelo Esteban Mu√±oz Lastarria","7","2022-06-27T18:36:15Z"
"44","1sT3PibOYS4","Barbagelata: ""Hay que seguir la ruta del dinero... OJO CIPER"" | BADBOYS","2022-06-27T18:08:08Z","3966","299","9","buen dato. Mover concentrado a China, en donde se usa esclavitud es el peor error que ha hecho chile.","Marcelo Silva","1","2022-06-27T21:01:28Z"
"45","1sT3PibOYS4","Barbagelata: ""Hay que seguir la ruta del dinero... OJO CIPER"" | BADBOYS","2022-06-27T18:08:08Z","3966","299","9","No valla a ser que a Ciper se le ocurra investigar nom√°s po ü§£ü§£ü§£","Luis Aguilar","0","2022-06-28T08:32:45Z"
"46","1sT3PibOYS4","Barbagelata: ""Hay que seguir la ruta del dinero... OJO CIPER"" | BADBOYS","2022-06-27T18:08:08Z","3966","299","9","Los c√°todos pagan impuestos. El concentrado para abastecer a las fundiciones, no. Por eso las mineras exportan concentrado y un peque√±o porcentaje en c√°todos. Las mineras no han aceptado el Royalty por a√±os.","Francisco Cortez","1","2022-06-27T19:16:20Z"
"47","1sT3PibOYS4","Barbagelata: ""Hay que seguir la ruta del dinero... OJO CIPER"" | BADBOYS","2022-06-27T18:08:08Z","3966","299","9","Hay que votar rechazo","patricio henriquez","4","2022-06-28T01:35:22Z"
"48","1sT3PibOYS4","Barbagelata: ""Hay que seguir la ruta del dinero... OJO CIPER"" | BADBOYS","2022-06-27T18:08:08Z","3966","299","9","Buenas tardes mis chicos buenos inteligentes","karin San Mart√≠n","1","2022-06-27T23:02:26Z"
"49","1sT3PibOYS4","Barbagelata: ""Hay que seguir la ruta del dinero... OJO CIPER"" | BADBOYS","2022-06-27T18:08:08Z","3966","299","9","Ojal√° est√° vez votemos RECHAZO y no le demos m√°s vuelta al tema....hoy debemos salvar nuestro pa√≠s y a nuestras familias de las garras del Comunismo, ONU y de los sic√≥patas que dirigen nuestro amado Chile. !!","jorge espinoza","5","2022-06-27T22:32:09Z"
"50","1sT3PibOYS4","Barbagelata: ""Hay que seguir la ruta del dinero... OJO CIPER"" | BADBOYS","2022-06-27T18:08:08Z","3966","299","9","No valla a ser que a Ciper se le ocurra investigar nom√°s po ü§£ü§£ü§£","Luis Aguilar","0","2022-06-28T08:32:45Z"
"51","1sT3PibOYS4","Barbagelata: ""Hay que seguir la ruta del dinero... OJO CIPER"" | BADBOYS","2022-06-27T18:08:08Z","3966","299","9","Ya lo dijo Pacheco, https://www.youtube.com/watch?v=USpySm98pEQ","Veritas Libertas","0","2022-06-28T05:14:09Z"
"52","1sT3PibOYS4","Barbagelata: ""Hay que seguir la ruta del dinero... OJO CIPER"" | BADBOYS","2022-06-27T18:08:08Z","3966","299","9","Hay que votar rechazo","patricio henriquez","4","2022-06-28T01:35:22Z"
"53","1sT3PibOYS4","Barbagelata: ""Hay que seguir la ruta del dinero... OJO CIPER"" | BADBOYS","2022-06-27T18:08:08Z","3966","299","9","Buenas tardes mis chicos buenos inteligentes","karin San Mart√≠n","1","2022-06-27T23:02:26Z"
"54","1sT3PibOYS4","Barbagelata: ""Hay que seguir la ruta del dinero... OJO CIPER"" | BADBOYS","2022-06-27T18:08:08Z","3966","299","9","buen dato. Mover concentrado a China, en donde se usa esclavitud es el peor error que ha hecho chile.","Marcelo Silva","1","2022-06-27T21:01:28Z"
"55","1sT3PibOYS4","Barbagelata: ""Hay que seguir la ruta del dinero... OJO CIPER"" | BADBOYS","2022-06-27T18:08:08Z","3966","299","9","Ya lo dijo Pacheco, https://www.youtube.com/watch?v=USpySm98pEQ","Veritas Libertas","0","2022-06-28T05:14:09Z"
"56","1sT3PibOYS4","Barbagelata: ""Hay que seguir la ruta del dinero... OJO CIPER"" | BADBOYS","2022-06-27T18:08:08Z","3966","299","9","Los c√°todos pagan impuestos. El concentrado para abastecer a las fundiciones, no. Por eso las mineras exportan concentrado y un peque√±o porcentaje en c√°todos. Las mineras no han aceptado el Royalty por a√±os.","Francisco Cortez","1","2022-06-27T19:16:20Z"
"57","1sT3PibOYS4","Barbagelata: ""Hay que seguir la ruta del dinero... OJO CIPER"" | BADBOYS","2022-06-27T18:08:08Z","3966","299","9","rechazo aguante el PDG","Marcelo Esteban Mu√±oz Lastarria","7","2022-06-27T18:36:15Z"
"58","1sT3PibOYS4","Barbagelata: ""Hay que seguir la ruta del dinero... OJO CIPER"" | BADBOYS","2022-06-27T18:08:08Z","3966","299","9","Ojal√° est√° vez votemos RECHAZO y no le demos m√°s vuelta al tema....hoy debemos salvar nuestro pa√≠s y a nuestras familias de las garras del Comunismo, ONU y de los sic√≥patas que dirigen nuestro amado Chile. !!","jorge espinoza","5","2022-06-27T22:32:09Z"
"59","1sT3PibOYS4","Barbagelata: ""Hay que seguir la ruta del dinero... OJO CIPER"" | BADBOYS","2022-06-27T18:08:08Z","3966","299","9","Es lo mismo que paso con la f√°brica de contenedores refrigerados ""MAERKS"", donde se fue la f√°brica? quien financio a los dirigentes comunistas para tenerla en paro?","Shooter","0","2022-06-27T19:42:01Z"
"60","1sT3PibOYS4","Barbagelata: ""Hay que seguir la ruta del dinero... OJO CIPER"" | BADBOYS","2022-06-27T18:08:08Z","3966","299","9","Es lo mismo que paso con la f√°brica de contenedores refrigerados ""MAERKS"", donde se fue la f√°brica? quien financio a los dirigentes comunistas para tenerla en paro?","Shooter","0","2022-06-27T19:42:01Z"
"61","1sT3PibOYS4","Barbagelata: ""Hay que seguir la ruta del dinero... OJO CIPER"" | BADBOYS","2022-06-27T18:08:08Z","3966","299","9","rechazo aguante el PDG","Marcelo Esteban Mu√±oz Lastarria","7","2022-06-27T18:36:15Z"
"62","1sT3PibOYS4","Barbagelata: ""Hay que seguir la ruta del dinero... OJO CIPER"" | BADBOYS","2022-06-27T18:08:08Z","3966","299","9","buen dato. Mover concentrado a China, en donde se usa esclavitud es el peor error que ha hecho chile.","Marcelo Silva","1","2022-06-27T21:01:28Z"
"63","1sT3PibOYS4","Barbagelata: ""Hay que seguir la ruta del dinero... OJO CIPER"" | BADBOYS","2022-06-27T18:08:08Z","3966","299","9","No valla a ser que a Ciper se le ocurra investigar nom√°s po ü§£ü§£ü§£","Luis Aguilar","0","2022-06-28T08:32:45Z"
"64","1sT3PibOYS4","Barbagelata: ""Hay que seguir la ruta del dinero... OJO CIPER"" | BADBOYS","2022-06-27T18:08:08Z","3966","299","9","Los c√°todos pagan impuestos. El concentrado para abastecer a las fundiciones, no. Por eso las mineras exportan concentrado y un peque√±o porcentaje en c√°todos. Las mineras no han aceptado el Royalty por a√±os.","Francisco Cortez","1","2022-06-27T19:16:20Z"
"65","1sT3PibOYS4","Barbagelata: ""Hay que seguir la ruta del dinero... OJO CIPER"" | BADBOYS","2022-06-27T18:08:08Z","3966","299","9","Hay que votar rechazo","patricio henriquez","4","2022-06-28T01:35:22Z"
"66","1sT3PibOYS4","Barbagelata: ""Hay que seguir la ruta del dinero... OJO CIPER"" | BADBOYS","2022-06-27T18:08:08Z","3966","299","9","Buenas tardes mis chicos buenos inteligentes","karin San Mart√≠n","1","2022-06-27T23:02:26Z"
"67","1sT3PibOYS4","Barbagelata: ""Hay que seguir la ruta del dinero... OJO CIPER"" | BADBOYS","2022-06-27T18:08:08Z","3966","299","9","Ojal√° est√° vez votemos RECHAZO y no le demos m√°s vuelta al tema....hoy debemos salvar nuestro pa√≠s y a nuestras familias de las garras del Comunismo, ONU y de los sic√≥patas que dirigen nuestro amado Chile. !!","jorge espinoza","5","2022-06-27T22:32:09Z"
"68","1sT3PibOYS4","Barbagelata: ""Hay que seguir la ruta del dinero... OJO CIPER"" | BADBOYS","2022-06-27T18:08:08Z","3966","299","9","No valla a ser que a Ciper se le ocurra investigar nom√°s po ü§£ü§£ü§£","Luis Aguilar","0","2022-06-28T08:32:45Z"
"69","1sT3PibOYS4","Barbagelata: ""Hay que seguir la ruta del dinero... OJO CIPER"" | BADBOYS","2022-06-27T18:08:08Z","3966","299","9","Ya lo dijo Pacheco, https://www.youtube.com/watch?v=USpySm98pEQ","Veritas Libertas","0","2022-06-28T05:14:09Z"
"70","1sT3PibOYS4","Barbagelata: ""Hay que seguir la ruta del dinero... OJO CIPER"" | BADBOYS","2022-06-27T18:08:08Z","3966","299","9","Hay que votar rechazo","patricio henriquez","4","2022-06-28T01:35:22Z"
"71","1sT3PibOYS4","Barbagelata: ""Hay que seguir la ruta del dinero... OJO CIPER"" | BADBOYS","2022-06-27T18:08:08Z","3966","299","9","Buenas tardes mis chicos buenos inteligentes","karin San Mart√≠n","1","2022-06-27T23:02:26Z"
"72","1sT3PibOYS4","Barbagelata: ""Hay que seguir la ruta del dinero... OJO CIPER"" | BADBOYS","2022-06-27T18:08:08Z","3966","299","9","buen dato. Mover concentrado a China, en donde se usa esclavitud es el peor error que ha hecho chile.","Marcelo Silva","1","2022-06-27T21:01:28Z"
"73","1sT3PibOYS4","Barbagelata: ""Hay que seguir la ruta del dinero... OJO CIPER"" | BADBOYS","2022-06-27T18:08:08Z","3966","299","9","Ya lo dijo Pacheco, https://www.youtube.com/watch?v=USpySm98pEQ","Veritas Libertas","0","2022-06-28T05:14:09Z"
"74","1sT3PibOYS4","Barbagelata: ""Hay que seguir la ruta del dinero... OJO CIPER"" | BADBOYS","2022-06-27T18:08:08Z","3966","299","9","Los c√°todos pagan impuestos. El concentrado para abastecer a las fundiciones, no. Por eso las mineras exportan concentrado y un peque√±o porcentaje en c√°todos. Las mineras no han aceptado el Royalty por a√±os.","Francisco Cortez","1","2022-06-27T19:16:20Z"
"75","1sT3PibOYS4","Barbagelata: ""Hay que seguir la ruta del dinero... OJO CIPER"" | BADBOYS","2022-06-27T18:08:08Z","3966","299","9","rechazo aguante el PDG","Marcelo Esteban Mu√±oz Lastarria","7","2022-06-27T18:36:15Z"
"76","1sT3PibOYS4","Barbagelata: ""Hay que seguir la ruta del dinero... OJO CIPER"" | BADBOYS","2022-06-27T18:08:08Z","3966","299","9","Ojal√° est√° vez votemos RECHAZO y no le demos m√°s vuelta al tema....hoy debemos salvar nuestro pa√≠s y a nuestras familias de las garras del Comunismo, ONU y de los sic√≥patas que dirigen nuestro amado Chile. !!","jorge espinoza","5","2022-06-27T22:32:09Z"
"77","1sT3PibOYS4","Barbagelata: ""Hay que seguir la ruta del dinero... OJO CIPER"" | BADBOYS","2022-06-27T18:08:08Z","3966","299","9","Es lo mismo que paso con la f√°brica de contenedores refrigerados ""MAERKS"", donde se fue la f√°brica? quien financio a los dirigentes comunistas para tenerla en paro?","Shooter","0","2022-06-27T19:42:01Z"
"78","1xBXN9-jRI8","¬øQuieren desarmar a los que se desean defender? Broma?  Giancarlo Barbagelata","2022-06-07T18:18:02Z","2417","263","35","Este Chato tiene raz√≥n","Zar Pazzo","2","2022-06-07T18:21:33Z"
"79","1xBXN9-jRI8","¬øQuieren desarmar a los que se desean defender? Broma?  Giancarlo Barbagelata","2022-06-07T18:18:02Z","2417","263","35","La pura verdadüëå","Francisco Perez","0","2022-06-07T21:00:17Z"
"80","1xBXN9-jRI8","¬øQuieren desarmar a los que se desean defender? Broma?  Giancarlo Barbagelata","2022-06-07T18:18:02Z","2417","263","35","Qu√© est√° haciendo el PDG por ayudar a Chile cn el servel x refichajes ileg√≠timos y publicaci√≥n d datos privados???? Porque los q est√°n incomodando a la √©lite ahora son pocos y no son PDG. CUANDO EMPIEZAN A INCOMODAR A LA √âLITE????  Es ahora o nuncaaaaaaa x favor","Cata","0","2022-06-07T22:43:53Z"
"81","1xBXN9-jRI8","¬øQuieren desarmar a los que se desean defender? Broma?  Giancarlo Barbagelata","2022-06-07T18:18:02Z","2417","263","35","LAS ARMAS LLEGAN DE ARGENTINA......","Zar Pazzo","1","2022-06-07T18:20:37Z"
"82","1xBXN9-jRI8","¬øQuieren desarmar a los que se desean defender? Broma?  Giancarlo Barbagelata","2022-06-07T18:18:02Z","2417","263","35","barbagelata desatado! bien,diciendo la verdad","ITC chile","2","2022-06-07T18:19:17Z"
"83","1xBXN9-jRI8","¬øQuieren desarmar a los que se desean defender? Broma?  Giancarlo Barbagelata","2022-06-07T18:18:02Z","2417","263","35","LOS DELINCUENTES ENTREGARAN SUS ARMAS ?????","Oriana Gomez","0","2022-06-08T01:14:28Z"
"84","1xBXN9-jRI8","¬øQuieren desarmar a los que se desean defender? Broma?  Giancarlo Barbagelata","2022-06-07T18:18:02Z","2417","263","35","Quienes te quieren ver inerme???
Los psicopatas as√≠ por ser","Masiel Segura","0","2022-06-07T23:13:54Z"
"85","1xBXN9-jRI8","¬øQuieren desarmar a los que se desean defender? Broma?  Giancarlo Barbagelata","2022-06-07T18:18:02Z","2417","263","35","Toitita la raz√≥n Giancarlo.","Rigoberto Gonzalez","0","2022-06-08T03:29:58Z"
"86","1xBXN9-jRI8","¬øQuieren desarmar a los que se desean defender? Broma?  Giancarlo Barbagelata","2022-06-07T18:18:02Z","2417","263","35","LOS DIPUTADOS DEL PDG NO PUEDEN DECIR NADA AL RESPECTO. HASTA CUANDO LA ISKIA CHACOTEA CON LA DELINCUENCIA. AHORA VAN A CREAR OTROS MINISTERIOS PARA SEGUIR CON EL DIALOGOOOOOOOOO","Oriana Gomez","0","2022-06-08T01:16:55Z"
"87","1xBXN9-jRI8","¬øQuieren desarmar a los que se desean defender? Broma?  Giancarlo Barbagelata","2022-06-07T18:18:02Z","2417","263","35","Necesitamos la ayuda del partido de las gente los deportistas se lo van agradecer","Antonio Giadalah","0","2022-06-07T22:20:59Z"
"88","1xBXN9-jRI8","¬øQuieren desarmar a los que se desean defender? Broma?  Giancarlo Barbagelata","2022-06-07T18:18:02Z","2417","263","35","Soy un deportista dispar√≥ al plato todos nosotros tenemos las armas inscrita y con la direcci√≥n de todos nosotros 
La culpa de lo qu√© pasa en chile es el senado la culpa hace leyes para los delincuente que los favorece y la gente honrada al final de todo con las cosas legales pagamos los platos roto y los √∫nicos culpables son el estado y el senado","Antonio Giadalah","0","2022-06-07T22:19:12Z"
"89","1xBXN9-jRI8","¬øQuieren desarmar a los que se desean defender? Broma?  Giancarlo Barbagelata","2022-06-07T18:18:02Z","2417","263","35","CONSULTA: PDG Aprueba o Rechaza??? No lo tengo muy claro. Disculpen","Veterano 1978","5","2022-06-07T19:00:59Z"
"90","1xBXN9-jRI8","¬øQuieren desarmar a los que se desean defender? Broma?  Giancarlo Barbagelata","2022-06-07T18:18:02Z","2417","263","35","Ud tienen toda la raz√≥n hay algo oscuro en este gobierno y eso no nos gusta a los deportistas","Antonio Giadalah","0","2022-06-07T22:22:39Z"
"91","1xBXN9-jRI8","¬øQuieren desarmar a los que se desean defender? Broma?  Giancarlo Barbagelata","2022-06-07T18:18:02Z","2417","263","35","Es un chiste, Siches acaba de decir que robaron un arma y municiones y que por eso se deben prohibir. LAS ARMAS LAS ROBARON POR LA INSEGURIDAD QUE SE VIVE EN EL SUR, no por la culpa de qui√©n las compro","Felipe Sepulveda Salinas","0","2022-06-08T17:13:00Z"
"92","1xBXN9-jRI8","¬øQuieren desarmar a los que se desean defender? Broma?  Giancarlo Barbagelata","2022-06-07T18:18:02Z","2417","263","35","Las Armas Peligrosas para la Sociedad
son las que est√°n en poder de 
Delincuentes Narcos y Terroristas
Gobierno de ""Mala Fe"" üëàüèº","Gonzalo S","0","2022-06-08T16:17:44Z"
"93","1xBXN9-jRI8","¬øQuieren desarmar a los que se desean defender? Broma?  Giancarlo Barbagelata","2022-06-07T18:18:02Z","2417","263","35","A eso sumarle que carabineros no da abasto con la delincuencia.","Gaspar Toro","0","2022-06-08T03:32:45Z"
"94","1xBXN9-jRI8","¬øQuieren desarmar a los que se desean defender? Broma?  Giancarlo Barbagelata","2022-06-07T18:18:02Z","2417","263","35","Como se le ocurre al gobierno quitarle a los ciudadanos com√∫n y corrientes su √∫nica forma de defenderse de los criminales?","La Voz de Senior T üá®üá±","23","2022-06-07T18:22:55Z"
"95","1xBXN9-jRI8","¬øQuieren desarmar a los que se desean defender? Broma?  Giancarlo Barbagelata","2022-06-07T18:18:02Z","2417","263","35","El asunto es 100% pol√≠tico. Lo que quieren es desarmarnos porque as√≠ ellos pueden legislar a su antojo sabiendo que no tenemos mas alternativa que acatar todo lo que nos impongan. Si protestamos por la corrupci√≥n del gobierno de turno, simplemente nos reprimen, mutilan, encarcelan. Es muy importante para ellos los pol√≠ticos corruptos, vende patria, que seamos un pueblo desarmado y empobrecido por que as√≠ es mucho m√°s f√°cil someternos. Imaginen si tuvi√©semos una segunda enmienda como la de USA: se har√≠an en los pantalones cada vez que protestemos.","Sergio Aravena","6","2022-06-07T19:47:47Z"
"96","1xBXN9-jRI8","¬øQuieren desarmar a los que se desean defender? Broma?  Giancarlo Barbagelata","2022-06-07T18:18:02Z","2417","263","35","Este gobierno quiere el kaos para poder manejar a las personas y que estemos rendidos a sus pies , son unos imb√©ciles de todo coraz√≥n que los saquen pronto a los ocupas en la moneda est√°n dejando a Chile  en pelotas","Dolores Acu√±a","0","2022-06-07T19:07:21Z"
"97","1xBXN9-jRI8","¬øQuieren desarmar a los que se desean defender? Broma?  Giancarlo Barbagelata","2022-06-07T18:18:02Z","2417","263","35","que Nelabarbyy.Uno encantan tus videos. Bendiciones hermosa Celina que Dios te cuide donde quiera  los mortaless abian apreciado tan hermosa mujer","–ò–≤–∞–Ω –¢—É–º–∞–Ω–æ–≤","1","2022-06-07T19:02:02Z"
"98","1xBXN9-jRI8","¬øQuieren desarmar a los que se desean defender? Broma?  Giancarlo Barbagelata","2022-06-07T18:18:02Z","2417","263","35","RECHAZO TOTAL, SINO CHILE PIERDE A SU GENTE","Divina Naturalis","4","2022-06-07T18:35:23Z"
"99","1xBXN9-jRI8","¬øQuieren desarmar a los que se desean defender? Broma?  Giancarlo Barbagelata","2022-06-07T18:18:02Z","2417","263","35","La fantasia del partido Comunista, es que  siempre a sido partidario de eliminar las armas de civiles,esto porque el objetivo de ellos es la dictadura del P.C.  a ellos les interesa un comino la seguridad de ciudadanos .","Leonardo Pizarro","0","2022-06-07T18:57:07Z"
"100","1xBXN9-jRI8","¬øQuieren desarmar a los que se desean defender? Broma?  Giancarlo Barbagelata","2022-06-07T18:18:02Z","2417","263","35","Totalmente cierto Gian Carlo, no se puede desarmar a la gente, cuando lo primero es quitarle el poder de fuego a narcos y delincuentes.","marisol aguayo","11","2022-06-07T18:50:21Z"
"101","1xBXN9-jRI8","¬øQuieren desarmar a los que se desean defender? Broma?  Giancarlo Barbagelata","2022-06-07T18:18:02Z","2417","263","35","Libertad!!! Solo para algunos privilegiados que puedan usar las Armas (Delincuentes comunes) y El Pueblo sin ning√∫n m√©todo para defenderse de ellos...","Sebastian Sepulveda","4","2022-06-07T18:35:47Z"
"102","1xBXN9-jRI8","¬øQuieren desarmar a los que se desean defender? Broma?  Giancarlo Barbagelata","2022-06-07T18:18:02Z","2417","263","35","quieren desarmar a la gente para que no pueda defenderse de un gobierno abusivo y tambi√©n, porque como quieren que las polic√≠as sean civiles, tampoco podr√≠an portar armas.. √≥sea, para√≠so de los delincuentes","Daniel Zelada","0","2022-06-07T20:21:50Z"
"103","1xBXN9-jRI8","¬øQuieren desarmar a los que se desean defender? Broma?  Giancarlo Barbagelata","2022-06-07T18:18:02Z","2417","263","35","Puta que me cae bien giancarloüëå","Francisco Perez","0","2022-06-07T21:05:40Z"
"104","1xBXN9-jRI8","¬øQuieren desarmar a los que se desean defender? Broma?  Giancarlo Barbagelata","2022-06-07T18:18:02Z","2417","263","35","Ya es muy claro que este gobierno est√° con los narco delincuentes.","richard villagran","0","2022-06-08T23:35:03Z"
"105","1xBXN9-jRI8","¬øQuieren desarmar a los que se desean defender? Broma?  Giancarlo Barbagelata","2022-06-07T18:18:02Z","2417","263","35","Cada vez que se implemebte un sistema totalitario como iniciativa transversal es el desarme de la poblacion quieren weones obedientes sin que se manifiesten y el control que ejerce el gobierno opresor para repeler cualquier inciativa de rebeldia cuidadana","Paolo Guaita","0","2022-06-07T20:47:30Z"
"106","1xBXN9-jRI8","¬øQuieren desarmar a los que se desean defender? Broma?  Giancarlo Barbagelata","2022-06-07T18:18:02Z","2417","263","35","Excelente analisis Giancarlo, la EXTREMA Izquierda SEDICIOSA busca "" ANULAR la posibilidad de DEFENSA de los ciudadanos decentes "" ante posibles o eventuales ASALTOS o ROBOS en sus casas , Campos o Parcelas negocios o locales comerciales","JORGE ALEJANDRO GIRARDI TOLEDO","9","2022-06-07T18:29:24Z"
"107","1xBXN9-jRI8","¬øQuieren desarmar a los que se desean defender? Broma?  Giancarlo Barbagelata","2022-06-07T18:18:02Z","2417","263","35","Los Ciudadanos, ultrajados una vez m√°s.

Desde hace d√©cadas las encuestas de opini√≥n nos informan que menos del 10% de la poblaci√≥n conf√≠a en ‚Äúla clase pol√≠tica‚Äù, lo que en definitiva nos habla de que habitamos en una espuria ‚Äúdemocracia‚Äù.
Los pol√≠ticos, quienes tienen por misi√≥n representarnos, se coluden con algunos empresarios, sin verg√ºenza alguna, sin que nadie les pase la cuenta.
No cabe esperar que la izquierda defienda al Libre Mercado, y la derecha pol√≠tica, que hace g√°rgaras con ‚Äúel Libre Mercado‚Äù, y que supuestamente deber√≠a ser quien m√°s se preocupe de que funcione adecuadamente, estira la mano para obtener parte del bot√≠n. En el sentido de lo descrito, la derecha es doblemente culpable.
Recientemente nos hemos informado de la colusi√≥n entre el mundo pol√≠tico y Metrogas, estando involucrados ‚Äúpol√≠ticos de fuste‚Äù. Uno de los ellos es premiado por el gobierno, y fue nombrado, ni m√°s ni menos, Presidente de Codelco. Por cierto, ‚Äútodo el legal‚Äù.
¬°¬° Qu√© r√°pido aprendi√≥ Boric a estafar a los chilenos ¬°¬°
  
https://www.youtube.com/watch?v=hIImkpJic0w","Guillermo Brand","3","2022-06-07T19:53:18Z"
"108","1xBXN9-jRI8","¬øQuieren desarmar a los que se desean defender? Broma?  Giancarlo Barbagelata","2022-06-07T18:18:02Z","2417","263","35","Maduro en Venezuela ISO lo mismo y como termino Venezuela .
Porque estos comunistas desarman a la gente y potencia a los terroristas y los delincuentes y narcos . 
Amigo hay que ser huevo creerle a un gobierno comunista","Americo Ramirez","0","2022-06-07T18:31:43Z"
"109","1xBXN9-jRI8","¬øQuieren desarmar a los que se desean defender? Broma?  Giancarlo Barbagelata","2022-06-07T18:18:02Z","2417","263","35","Esta izquierda estatista me tienen hasta el pino !! Yo a tes pensaba que para luchar contra la corrupci√≥n y toda la mierda de la pol√≠tica hab√≠a que votar por la izquierda ..... PUTA QUE ESTABA EQUIVOCADA !! IZQUIERDA Y DERECHA CORRUPTAS !! A DEFENDERNOS SOLITOS NO MAS AMIGOS CON TODOS LOS MEDIOS QUE PODAMOS      TANTO DENTRO DE LA LEY O FUERA DE LA LEY !! YA NO COMPRAR MAS CUENTOS DE ESTOS POLITICOS CORRUPTOS ‚òùÔ∏è","Francisco Perez","0","2022-06-07T21:05:12Z"
"110","1xBXN9-jRI8","¬øQuieren desarmar a los que se desean defender? Broma?  Giancarlo Barbagelata","2022-06-07T18:18:02Z","2417","263","35","Igual q en Venezuela","fb b","2","2022-06-07T18:31:05Z"
"111","1xBXN9-jRI8","¬øQuieren desarmar a los que se desean defender? Broma?  Giancarlo Barbagelata","2022-06-07T18:18:02Z","2417","263","35","Incre√≠blemente la gente com√∫n se cree el discurso que plantea el gobierno. El razonamiento perverso de esa ideolog√≠a es que gracias a que los civiles pueden comprar armas legalmente, los delincuentes a trav√©s de cada vez que ingresan a robar entonces se hacen con las armas!! Es desquiciado pero esa es la idea que promueven para desarmar a los ciudadanos. Parece que nadie les dijo a los pol√≠ticos de izquierda que los terroristas y los delincuentes tienen sus propias armer√≠as financiadas por distintas v√≠as, una de ellas es la corrupci√≥n de ciertos elementos de las ff.aa, pero no es la √∫nica. Recordar los v√≠nculos del  P.C con Las FARC y redes de narcotr√°fico internacional.. entonces claramente est√°n queriendo empezar detr√°s para adelante. Los √∫nicos beneficiados ser√°n los delincuentes.","Miguel","0","2022-06-07T18:28:58Z"
"112","1xBXN9-jRI8","¬øQuieren desarmar a los que se desean defender? Broma?  Giancarlo Barbagelata","2022-06-07T18:18:02Z","2417","263","35","PDG partido basado, no como los castrados de los republicanos y chile juimos","VladF","1","2022-06-07T18:26:16Z"
"113","3oHjINWI85w","Lo de Illapu es faltarle el respeto a la gente.","2022-08-01T06:51:52Z","2439","232","54","Muy bien Giancarlo. üëèüëèüëç","marian fernandez","1","2022-08-01T19:48:00Z"
"114","3oHjINWI85w","Lo de Illapu es faltarle el respeto a la gente.","2022-08-01T06:51:52Z","2439","232","54","par√° de llorar !!! o quieres cambiar la propaganda pol√≠tica en el 2022......","edijef","0","2022-08-01T17:21:30Z"
"115","3oHjINWI85w","Lo de Illapu es faltarle el respeto a la gente.","2022-08-01T06:51:52Z","2439","232","54","Lo mas penca de illapu es que le pagan con dinero del estado o sea de todos nosotros para hacerle campa√±a al apruebo. Aunque en realidad toda la campa√±a de esos esperpentos es pagada por el estado. Da mucha rabia lo carerajas q son","Bacchus","0","2022-08-01T11:04:46Z"
"116","3oHjINWI85w","Lo de Illapu es faltarle el respeto a la gente.","2022-08-01T06:51:52Z","2439","232","54","LOS ILLAPU FUERON DESGRACIADAMENTE ITILIZADPSüò¶üò≠","Ana Fernandez","0","2022-08-01T20:12:04Z"
"117","3oHjINWI85w","Lo de Illapu es faltarle el respeto a la gente.","2022-08-01T06:51:52Z","2439","232","54","Toda la raz√≥n y coincido en el an√°lisis.  Todo lo que est√°n haciendo es lo que hicieron en 1988...es muy triste todo, pero igual es muy angustiante todo.","Valdiviana Wuilliche","3","2022-08-01T12:38:52Z"
"118","3oHjINWI85w","Lo de Illapu es faltarle el respeto a la gente.","2022-08-01T06:51:52Z","2439","232","54","PDG !","Marcelo Esteban Mu√±oz Lastarria","1","2022-08-01T18:20:28Z"
"119","3oHjINWI85w","Lo de Illapu es faltarle el respeto a la gente.","2022-08-01T06:51:52Z","2439","232","54","@pkkkksQu√©? Te duele demasiado el ind√≠genismo?, es un reconocimiento constitucional a los pueblos originarios, cre√©s que va a cambiar la estructura de clase, que Tenemos, y que los dem√°s indios se van a subir por el chorro? En la diversidad de nuestra naci√≥n est√° nuestra principal riqueza,  que seamos diferentes de Norte a Sur, no significa que nos dividamos. En esta constitucion ya estamos divididos por clases econ√≥micas, Cuando recib√≠ las notas de mi hijo de esa famosa prueba Simce.dijeron; ""Su hijo est√° el el percentil n√∫mero 85 de las.familias que tiene ingresos ente 600 y 1000 de pesos!! Que te parece eso?? Eso no divide a los chilenos??  Saber en qu√© lugar est√° mi hijo en Todo el resto de la poblaci√≥n es lo que me interesa , pero hay colegios que tienen mejor educaci√≥n y se debe pagar m√°s, ellos se miden a otro nivel. Por favor de que estamos hablando????","Oscar Torres Cort√©s","0","2022-08-04T02:28:35Z"
"120","3oHjINWI85w","Lo de Illapu es faltarle el respeto a la gente.","2022-08-01T06:51:52Z","2439","232","54","Toda la raz√≥n !!","Beronica Reyes","1","2022-08-01T13:14:42Z"
"121","3oHjINWI85w","Lo de Illapu es faltarle el respeto a la gente.","2022-08-01T06:51:52Z","2439","232","54","@Oscar Torres Cort√©s No me duele ni me molesta el indigenismo, eso es falso, Tu argumento se llama falacia del hombre de paja. Me molesta la desigualdad ante la ley sea quien sea.","pkkkks","0","2022-08-04T04:25:56Z"
"122","3oHjINWI85w","Lo de Illapu es faltarle el respeto a la gente.","2022-08-01T06:51:52Z","2439","232","54","Zurditos de caviar","Omar Echeverria","2","2022-08-01T12:31:16Z"
"123","3oHjINWI85w","Lo de Illapu es faltarle el respeto a la gente.","2022-08-01T06:51:52Z","2439","232","54","este es webon o del pgd.

44.000.000.-

una muy buena razon. o creias q lo estaban asiendo por el apruebo.

con platita baila el mono.","andres cortez","0","2022-08-01T08:26:24Z"
"124","3oHjINWI85w","Lo de Illapu es faltarle el respeto a la gente.","2022-08-01T06:51:52Z","2439","232","54","@Oscar Torres Cort√©s y que culpa tengo yo o tu de lo que hicieron personas hace 200 a√±os? te das cuenta la barbaridad que dices? esta nueva constitucion quiere crear un conflicto artificial donde en Chile nunca han habido problemas por tensiones raciales, y solo mira la historia de lo que pasa en los lugares donde hay tensiones raciales, si sale el apruebo esto puede terminar muy mal, pero claro si queda la cagada en el pais, la elite politica detras de esto no tendrian problema al arrancar del pais. Tu ves esta consitucion con mucha ilusion, pero no es nada mas que un juego politico para tomar el poder","pkkkks","0","2022-08-05T18:43:46Z"
"125","3oHjINWI85w","Lo de Illapu es faltarle el respeto a la gente.","2022-08-01T06:51:52Z","2439","232","54","Que hacen aqu√≠? Estos apruebo.                               
              Lejos de la  realidad 
                Que hacen aqu√≠.
Entre mentiras y cuentos
En este parque de humor
Que hacen aqui lejos de la raz√≥n.. 
Jajjajaj  RECHAZ√ì AGUANTE POR CHILE.","rodrigo antonio caceres lobos","1","2022-08-01T22:12:10Z"
"126","3oHjINWI85w","Lo de Illapu es faltarle el respeto a la gente.","2022-08-01T06:51:52Z","2439","232","54","Las Constitucion son para normar el.podet, y distribuirlo, por eso no les gusta a la oligarqu√≠a que nos metamos en eso. En cada sector econ√≥mico tienes una o dos familias que son due√±os de ese sector econ√≥mico, y no me digas que lo obtuvieron por sorteo ??","Oscar Torres Cort√©s","0","2022-08-04T02:30:22Z"
"127","3oHjINWI85w","Lo de Illapu es faltarle el respeto a la gente.","2022-08-01T06:51:52Z","2439","232","54","El mejor argumento de la nueva Constituci√≥n, es que la construimos
 nosotros  y es hoy por hoy, la Constituci√≥n m√°s democr√°tica del.mundo. no porque un art√≠culo este malo o existan discrepancias en el, la vas a Rechazar, porque cada art√≠culo fue aprobado por el pleno, en m√°s de un 67%. Y con  eso es suficiente.","Oscar Torres Cort√©s","0","2022-08-01T10:50:17Z"
"128","3oHjINWI85w","Lo de Illapu es faltarle el respeto a la gente.","2022-08-01T06:51:52Z","2439","232","54","@pkkkks Disculpa entonces, tenemos m√°s desigualdad hoy ante la ley, tenemos a.los.militsres viviendo como comunistas, y gente dividos por casta por su nivel de ingresos, m√°s polic√≠as per capita en comunas pudientes que en comunas de alto nivel delictivo, que son generalmente m√°s pobres, es decir, los m√°s da√±ados por.la delincuencia hoy no son los que tienen c√°maras y filman un portonazo, son los que cogotean  y le roban el dinero del mes o la semana, o mueren por defender lo poco que tienen, eso es desigualdad real.
Otra, Reconocoer a los pueblos originarios c√≥mo parte de.la naci√≥n como una naci√≥n y reconocerles sus tradiciones y costumbres , NO es ponerlos sobre la.ley nuestra, eso no dice la Constituci√≥n y est√°s mal informado al respecto. Si te se√±alo ese juicio disculpa, pero es porque ese tipo de comentarios, proviene de creer una supuesta superioridad ind√≠gena, entre el resto de los chilenos, que no existe en la Nueva Constituci√≥n y huele a racismo, - ""C√≥mo un indio va a tener mejores condiciones que nosotros,"" cuando NO es as√≠, hasta hoy existe preferencias en consultorios y escuelas, becas y acceso preferente a vivienda p.e. porque esos pueblos fueron tratados con desprecio y el mismo estado Unitario,  por m√°s de 200 a√±os,y en base a una ideolog√≠a de superioridad racial  pretendi√≥ acabar y extienguirlo. Sin lograrlo, porque tuvieron la fuerza y la convicci√≥n, que como cultura y visi√≥n tienen valor para la humanidad, especialmente en su relaci√≥n con la naturaleza, de ellos tenenos mucho que aprender.
Otra, el Chaqueteo, porque dicen que est√° constitucion no los representanta? Si la.hicieron ciudadanos igual que t√∫ y y hay que Mirarla con lupa,  y todo lo que tenga malo va a ser nefasto para el pa√≠s, lo que tampoco es cierto, es un rayado de cancha para cambiar el actual modelo de subsidariedad a uno de derechos  y est√° hecho por gente igual que nosotros , que pens√≥ por nosotros y la gran mayor√≠a volver√° a ser su trabajo de siempre, igual que nosotros. porque tendr√≠a yo que mirarla con desprecio o sospecha? Si se utiliz√≥ el mismo sistema de elecci√≥n de los diputados, sistema que nadie antes lo ha considerado antidemocr√°tico y no representativo,  Hoy los que hicieron la Constituci√≥n sons ciudadanos igual que t√∫ y como Yo, que pol√≠ticos y eso es lo que le molesta a los pol√≠ticos de todos los sectores, porque los que est√°n. perdiendo poder son ellos, y cuando pierden poder, pierden el dinero que les pagan los grandes empresarios y corporaciones para hacer las leyes. Disculpa nuevamente.","Oscar Torres Cort√©s","0","2022-08-04T11:01:44Z"
"129","Cs3LvWTnIPA","La educaci√≥n hay que nivelarla hacia arriba, no hacia abajo. Giancarlo Barbagelata","2022-09-29T04:09:47Z","719","61","2","Eliminen la m√∫sica de fondo la cual entorpece el escuchar bien lo que se dice, sobre todos a las personas que tenemos problemas de audici√≥n. En definitiva lo m√°s importante es lo se argumenta NO la m√∫sica de fondo. Gracias!!","Antonio Brito","0","2022-09-29T08:24:41Z"
"130","Cs3LvWTnIPA","La educaci√≥n hay que nivelarla hacia arriba, no hacia abajo. Giancarlo Barbagelata","2022-09-29T04:09:47Z","719","61","2","Lo mismo que yo digo la educaci√≥n 
yo encontr√©  los puntos d√©biles
Los puntos fuertes
Ocupando la mismo el dinero que da el estado mejorando la la educaci√≥n","Edward Bugue√±o","0","2022-09-29T04:33:16Z"
"131","DdeUF-bmR7A","GIANCARLO: SIEMPRE PIERDE LA CLASE MEDIA, EL CIUDADANO NORMAL | BADBOYS","2022-06-06T19:35:18Z","2617","172","9","La derecha pol√≠tica est√° muerta, al igual que lo est√° la Concertaci√≥n. Entre ambas fuerzas pol√≠ticas dirigieron al pa√≠s por d√©cadas, hasta que, fruto de la corrupci√≥n de la clase pol√≠tica, surgi√≥ una nueva fuerza, la que hoy es gobierno, fuerza pol√≠tica que es h√°bilmente administrada por los comunistas. Son los primeros, los que gobiernan, so√±adores empedernidos que al acceder al poder se est√°n percatando que ‚Äúotra cosa es con guitarra‚Äù. Se hicieron del poder administrando al hombre-masa, apelando a la violencia como herramienta v√°lida para llevar a cabo una radical ‚Äútransformaci√≥n social‚Äù. Tras ellos, est√° ‚Äúel c√°ncer social‚Äù, el comunismo.
Quienes hist√≥ricamente han votado ‚Äúderecha‚Äù lo han hecho apelando ‚Äúal mal menor‚Äù. Son personas ‚Äúcomunes y corrientes‚Äù, que como tales est√°n por la paz y armon√≠a social. Hoy, siendo mayor√≠a absoluta, est√°n completamente hu√©rfanos. No as√≠ la izquierda radical, la que est√° viviendo ‚Äúsu mejor momento‚Äù.
Estamos a un tris de irnos al despe√±adero. En tanto prime la norma ‚Äúun ciudadano-un voto‚Äù, tenemos la posibilidad de evitar caer al abismo, y con ello, que se imponga en Chile el Totalitarismo.
En Chile, en lo referente a ‚Äúidentificaci√≥n con una determinada Coalici√≥n Pol√≠tica‚Äù, un 15% manifiesta ser Independiente, en tanto que un 51,7% no se identifica con ninguna (encuesta Pulso Ciudadano Mayo 2022/ Segunda Quincena). Entre ambos suman el 66,7% de la poblaci√≥n. Dicha poblaci√≥n no quiere experimentos sociales, pero est√°n desorganizados.
Podemos salir del atolladero si sabemos organizarnos. No hay otra salida.
¬øQu√© hizo ‚Äúla derecha‚Äù para hacer frente al discurso de la izquierda que por tr√©s d√©cadas ha imperado?. Nada, que no fuera llenarse los bolsillos.
El mencionado discurso consigui√≥ que el pa√≠s completo se creyera el cuento de ‚Äúla desigualdad‚Äù como causa del mal llamado ‚Äúestallido social‚Äù. No solo eso, buena parte de la clase pol√≠tica de derecha repiti√≥ el mismo cuento (y lo repite hasta hoy).
¬øy cu√°l es la Verdad?. La verdad es que ‚Äúel maldito modelo neoliberal‚Äù (no la derecha)  consigui√≥ que la pobreza disminuyera del 45% en 1970 al 8% en 2018


¬øQu√© hizo la derecha durante treinta a√±os para hacer frente al movimiento indigenista?. Nada
 ¬øy cu√°l es la verdad?. La verdad la inform√≥ en 2017 don Francisco Rothhammer, Premio Nacional de Ciencias Naturales (2016), quien public√≥ una investigaci√≥n que informa que en promedio un 86% de los chilenos podr√≠a tener una madre americana y un padre de origen europeo, lo que permite afirmar que Chile es un pa√≠s eminentemente MESTIZO. (el estudio en cuesti√≥n est√° disponible en https://dialnet.unirioja.es/servlet/articulo?codigo=7387838 )
El conflicto de la Araucan√≠a se lo debemos a un derecha inepta y corrupta, que nos ha utilizado por 30 a√±os al inducirnos a votar por ella debido a que son ‚Äúel mal menor‚Äù.

¬øQu√© hace ahora la derecha?
Algunos huyen del pa√≠s, otros esperan profitar de la carne a√∫n tibia del cad√°ver en que se convertir√° Chile si gana el Apruebo.
Somos una mayor√≠a absoluta (66,7% de la poblaci√≥n) quienes estamos sin gu√≠a, hu√©rfanos.","Guillermo Brand","0","2022-06-06T21:06:27Z"
"132","DdeUF-bmR7A","GIANCARLO: SIEMPRE PIERDE LA CLASE MEDIA, EL CIUDADANO NORMAL | BADBOYS","2022-06-06T19:35:18Z","2617","172","9","Excelente comentario!!!!","Maritza Novak","1","2022-06-06T21:07:49Z"
"133","DdeUF-bmR7A","GIANCARLO: SIEMPRE PIERDE LA CLASE MEDIA, EL CIUDADANO NORMAL | BADBOYS","2022-06-06T19:35:18Z","2617","172","9","Pucha que estoy arrepentida de no haber votado por parisi vote por kast para la pr√≥xima parisi","Ivanka ivulic","8","2022-06-06T20:06:00Z"
"134","DdeUF-bmR7A","GIANCARLO: SIEMPRE PIERDE LA CLASE MEDIA, EL CIUDADANO NORMAL | BADBOYS","2022-06-06T19:35:18Z","2617","172","9","Cuando el pdg se pronunciara por el rechazo","sonia Rivera","4","2022-06-06T20:51:58Z"
"135","DdeUF-bmR7A","GIANCARLO: SIEMPRE PIERDE LA CLASE MEDIA, EL CIUDADANO NORMAL | BADBOYS","2022-06-06T19:35:18Z","2617","172","9","SALUDOS CHICOS DE RANCAGUA","karin San Mart√≠n","0","2022-06-06T20:25:14Z"
"136","DdeUF-bmR7A","GIANCARLO: SIEMPRE PIERDE LA CLASE MEDIA, EL CIUDADANO NORMAL | BADBOYS","2022-06-06T19:35:18Z","2617","172","9","Atentos los Dem est√°n pidiendo a los profesores que los estudiantes ingresen al aula virtual ""JOVENES CONSTITUYENTES"" para afianzar la opci√≥n apruebo en la familia.","FIDEL ALLENDE","3","2022-06-06T22:33:59Z"
"137","DdeUF-bmR7A","GIANCARLO: SIEMPRE PIERDE LA CLASE MEDIA, EL CIUDADANO NORMAL | BADBOYS","2022-06-06T19:35:18Z","2617","172","9","Qu√© est√° haciendo el PDG por ayudar a Chile cn el servel x refichajes ileg√≠timos y publicaci√≥n d datos privados???? Porque los q est√°n incomodando a la √©lite ahora son pocos y no son PDG. CUANDO EMPIEZAN A INCOMODAR A LA √âLITE????  Es ahora o nuncaaaaaaa x favor","Cata","0","2022-06-07T22:48:15Z"
"138","DdeUF-bmR7A","GIANCARLO: SIEMPRE PIERDE LA CLASE MEDIA, EL CIUDADANO NORMAL | BADBOYS","2022-06-06T19:35:18Z","2617","172","9","Sigan Bad Boys, ya estamos tomando vuelo de nuevo","ROSENDO PUIG PICHUANTE","1","2022-06-07T10:34:56Z"
"139","DdeUF-bmR7A","GIANCARLO: SIEMPRE PIERDE LA CLASE MEDIA, EL CIUDADANO NORMAL | BADBOYS","2022-06-06T19:35:18Z","2617","172","9","Grande el PDG!!! Con todo por el RECHAZOOO!!!","Francisco Monsalve","5","2022-06-06T19:39:08Z"
"140","FBBOMeqVXVM","Chile est√° muy lejos de ser el pa√≠s m√°s desigual del mundo. Ellos mienten. Giancarlo Barbagelata","2022-10-17T05:47:26Z","591","84","2","As√≠ como vamos, terminaremos como el m√°s we√≥n del mundo.
Y pasado a merluza.","vicente orellana","0","2022-10-22T01:25:39Z"
"141","FBBOMeqVXVM","Chile est√° muy lejos de ser el pa√≠s m√°s desigual del mundo. Ellos mienten. Giancarlo Barbagelata","2022-10-17T05:47:26Z","591","84","2","Ni siquiera somos el m√°s desigual de Sudam√©rica. Por favor que la gente entienda que la desigualdad per se no significa nada. Les doy ejemplos, Argentina y Venezuela tienen menos desigualdad que Chile y por otro lado Brasil y Estados Unidos son incluso m√°s desiguales que Chile. y qui√©nes est√°n arrancando de sus pa√≠ses? no veo gringos migrando a Venezuela porque su pa√≠s es m√°s desigual...","Fc O.","2","2022-10-17T15:03:20Z"
"142","Fx9CrKw3bkY","El PDG es la √∫nica oportunidad real de participar en pol√≠tica en Chile sin pituto.  Barbagelata","2022-09-24T21:50:02Z","2534","269","10","Parisi 2026?","Mart√≠n Uribe","5","2022-09-24T21:51:25Z"
"143","Fx9CrKw3bkY","El PDG es la √∫nica oportunidad real de participar en pol√≠tica en Chile sin pituto.  Barbagelata","2022-09-24T21:50:02Z","2534","269","10","Cada dia,me esta interesando m√°s,este partido,seguire averiguando mas.","ANDREA MAYO","2","2022-09-25T00:09:10Z"
"144","Fx9CrKw3bkY","El PDG es la √∫nica oportunidad real de participar en pol√≠tica en Chile sin pituto.  Barbagelata","2022-09-24T21:50:02Z","2534","269","10","ENCIMA. ESTE  SR. DE. RENOVACION NACIONAL  LLEVO A LA REUNION. AL. SR.  PANCHO. MALO. , QUE ESTUVO EN LA CARCEL O. FUE   PROCESADO NPOR LA JUSTICIA","Francisco Landeros","0","2022-10-14T13:55:29Z"
"145","Fx9CrKw3bkY","El PDG es la √∫nica oportunidad real de participar en pol√≠tica en Chile sin pituto.  Barbagelata","2022-09-24T21:50:02Z","2534","269","10","Parisi presidente por el bien de nuestra gente","ElGato3","0","2022-09-25T13:32:11Z"
"146","Fx9CrKw3bkY","El PDG es la √∫nica oportunidad real de participar en pol√≠tica en Chile sin pituto.  Barbagelata","2022-09-24T21:50:02Z","2534","269","10","OTRO DESPRESTIGIO.  ES QUE. HSYAN ACEPTADO AL CORRUPTO. SR.  TAMBIEN EX. RENOVACION NACIONAL. , ADEMAS DE CORRUPTO ,  CON N ACUDACIONES DE CORRUPCIONES.  Y EL PDG LO ACEPTA EN SUS FILAS ,  solo para que el PDG. SE  DESPRESTIGIE.
¬°¬°¬°¬°¬°¬°¬°   Cachenla.  pues.  , cualquier sobra.  ni pot mas mala , el PDG. LOS. RECOGE !!!!!!!","Francisco Landeros","0","2022-10-14T13:53:35Z"
"147","Fx9CrKw3bkY","El PDG es la √∫nica oportunidad real de participar en pol√≠tica en Chile sin pituto.  Barbagelata","2022-09-24T21:50:02Z","2534","269","10","PERO. EL LADO B.  ES. QUE. NO. FILTRAN. , NO. SELECCIONAN. ,   cualquier. ex  politico. de otro. partido. tradicional SUPER. DEZPRESTIGIADO.   COMO. EL. SR. RIVAS.  EXYREMISTA RAFICAL DE DERECHA.  PASA A INTEGRAR AL PDEG. ,  y. para puro  DESPRESTIGIARLO. ,CON. SUS ACTITUDES. E IDEAS ARCAICAS.  TROGLODITAS DEL MUSEO HISTORICAMENTE. fracasadas. como  eso 
""  DEL. COBTROL. DE PRECIOS """"
 Y. AHORITA  EL ESCANDALO QUE. SE MANDO EN LA. AGRUPACION CONSTITUYENTE PARALELA. , QUE. TUVIERON QUE EN CORO Y A VIVA. VOZ. LO TUVIERON QUE EXPULSAR DE LA. REUNION","Francisco Landeros","0","2022-10-14T13:50:29Z"
"148","Fx9CrKw3bkY","El PDG es la √∫nica oportunidad real de participar en pol√≠tica en Chile sin pituto.  Barbagelata","2022-09-24T21:50:02Z","2534","269","10","Hay que estar con el Partido del Clan. 
Gente= Clan","H√©ctor","3","2022-09-24T23:22:15Z"
"149","Fx9CrKw3bkY","El PDG es la √∫nica oportunidad real de participar en pol√≠tica en Chile sin pituto.  Barbagelata","2022-09-24T21:50:02Z","2534","269","10","Yo quiero ser del partido de la gente üá®üá±üá®üá±üá®üá±","Sylvanafitness","3","2022-09-24T22:03:44Z"
"150","Fx9CrKw3bkY","El PDG es la √∫nica oportunidad real de participar en pol√≠tica en Chile sin pituto.  Barbagelata","2022-09-24T21:50:02Z","2534","269","10","SI. ESO. ES LADO. A.  Y. ESTA. MUY BIEN
UN 7.","Francisco Landeros","0","2022-10-14T13:45:37Z"
"151","Fx9CrKw3bkY","El PDG es la √∫nica oportunidad real de participar en pol√≠tica en Chile sin pituto.  Barbagelata","2022-09-24T21:50:02Z","2534","269","10","Verdadera participacdon ciudadana","Esteban Godoy","0","2022-09-25T11:14:47Z"
"152","HjYwMFAjEyA","El Partido no est√° ganado. La izquierda no sabe gobernar pero s√≠ hacer campa√±as. G Barbagelata","2022-08-01T06:52:29Z","1243","134","5","Pasos: Punto 1. Manipulaci√≥n de encuestas estrechando la distancia (para que el √∫ltimo punto parezca real). Punto 2. Ofrecimientos gubernamentales y propaganda de artistas. 3. Repetir puntos 1 y 2. Punto 3. Fraude electoral camuflado por la falsa distancia en la encuesta final y explicado por lo mencionado en el punto 2. DE MANUAL.","Patohead001","7","2022-08-01T08:02:49Z"
"153","HjYwMFAjEyA","El Partido no est√° ganado. La izquierda no sabe gobernar pero s√≠ hacer campa√±as. G Barbagelata","2022-08-01T06:52:29Z","1243","134","5","Estar√° el link de la entrevista completa ?","alex cabrera","0","2022-08-01T13:24:52Z"
"154","HjYwMFAjEyA","El Partido no est√° ganado. La izquierda no sabe gobernar pero s√≠ hacer campa√±as. G Barbagelata","2022-08-01T06:52:29Z","1243","134","5","Asi es ... la es gente weona.

Y es weona, porque sino lo fuese , hace rato seriamos alemania....","Sebasti√°n","0","2022-08-03T03:01:34Z"
"155","HjYwMFAjEyA","El Partido no est√° ganado. La izquierda no sabe gobernar pero s√≠ hacer campa√±as. G Barbagelata","2022-08-01T06:52:29Z","1243","134","5","Muy bien explicado, a compartir!!!","Andrea Mattis","2","2022-08-01T11:55:28Z"
"156","HjYwMFAjEyA","El Partido no est√° ganado. La izquierda no sabe gobernar pero s√≠ hacer campa√±as. G Barbagelata","2022-08-01T06:52:29Z","1243","134","5","*Los zurdos est√°n dejando los pies en la calle minti√©ndole a la gente. Todos tenemos amigos, conocidos, familiares, compa√±eros de pega, etc. que nunca votan, hay que convencerlos y explicarles para que RECHACEN,  la cosa no est√° ganada, no nos compremos el cuento que en las encuestas gana el rechazo, acu√©rdense que lo mismo dec√≠an de JAK, y perdi√≥. No nos dejemos enga√±ar, hay que sumar y sumar para que gane el rechazo y por mucha diferencia, para que no nos puedan hacer fraude y adem√°s inscribirse como apoderado*","Bernardo Tapia","1","2022-08-01T08:10:41Z"
"157","KiTNxByeHn8","La importancia de los objetivos en la educaci√≥n financiera. Giancarlo Barbagelata","2022-10-16T23:31:21Z","843","92","3","El merluzo no se ha t√≠tulado por eso no sabe de los objetivos y de la importancia del tiempo para concretar un proyecto, por ello todos sus programas son un mamarracho ü•¥","JadeCita","1","2022-10-16T23:58:26Z"
"158","KiTNxByeHn8","La importancia de los objetivos en la educaci√≥n financiera. Giancarlo Barbagelata","2022-10-16T23:31:21Z","843","92","3","Buen√≠simo el v√≠deo","Joao Fuentes","0","2022-10-16T23:42:47Z"
"159","KiTNxByeHn8","La importancia de los objetivos en la educaci√≥n financiera. Giancarlo Barbagelata","2022-10-16T23:31:21Z","843","92","3","Siempre se debe planificar. Tirar l√°piz primero.","Margarita Yevenes ","0","2022-10-16T23:53:06Z"
"160","KjZcViYBUbQ","Giancarlo: ""En Valpo y Vi√±a hay un miedo desatado a la delincuencia"" | BADBOYS","2022-07-21T16:51:29Z","1634","123","9","No solo en Vi√±a o Valpo, en muchas partes del pa√≠s.","Retro Hidalgo","7","2022-07-21T20:59:26Z"
"161","KjZcViYBUbQ","Giancarlo: ""En Valpo y Vi√±a hay un miedo desatado a la delincuencia"" | BADBOYS","2022-07-21T16:51:29Z","1634","123","9","Estuve de visita en Chile, espec√≠ficamente en Vi√±a del Mar y en Valpara√≠so desde el 9 de Febrero hasta el 3 de Marzo de este a√±o y puedo decir que Valpara√≠so es una verdadera mugre de ciudad, a pesar de que sus construcciones tanto en la parte plana como en algunos cerros son hermosas.  Ah√≠ no funciona nada, absolutamente nada.
En cuanto a Vi√±a que a√∫n est√° mejor,  la v√≠ m√°s desordenada, sucia y decadente y con gente viviendo en las calles.  Me impresion√≥ el poder de consumo de los gente (colas en el mall Marina Arauco) ; as√≠ como la incultura y ordinariez que antes no tenia.   Lo siento.","Jorge Serrano","1","2022-07-23T16:36:20Z"
"162","KjZcViYBUbQ","Giancarlo: ""En Valpo y Vi√±a hay un miedo desatado a la delincuencia"" | BADBOYS","2022-07-21T16:51:29Z","1634","123","9","No tan solo Valpo. Y hui√±a,macul,Pe√±alol√©n,√ëu√±oa,San Joaqu√≠n,puente,etc.","ala vista","1","2022-07-23T05:13:56Z"
"163","KjZcViYBUbQ","Giancarlo: ""En Valpo y Vi√±a hay un miedo desatado a la delincuencia"" | BADBOYS","2022-07-21T16:51:29Z","1634","123","9","Pero qui√©n se hace cargo??
Todo es m√°s material para hacer pol√≠tica.
Es lamentable que no hay quien le ponga el cascabel al gato.
De verdad que estoy prefiriendo un golpe de estado. Es denaciado el desorden.","Constanza Cofr√© Encina","3","2022-07-21T23:00:39Z"
"164","KjZcViYBUbQ","Giancarlo: ""En Valpo y Vi√±a hay un miedo desatado a la delincuencia"" | BADBOYS","2022-07-21T16:51:29Z","1634","123","9","Los antisociales caminan tranquilo y la gente honesta est√° encerrada con miedo!","La Voz de Senior T üá®üá±","7","2022-07-21T20:47:01Z"
"165","KjZcViYBUbQ","Giancarlo: ""En Valpo y Vi√±a hay un miedo desatado a la delincuencia"" | BADBOYS","2022-07-21T16:51:29Z","1634","123","9","Y nosotros  en europa pensando que es un paraiso.  Si? Es un paraiso per√≤ de delincuentes. Que han emigrado a ese pais. Parece que no vastava  con la que ya havia. Antes de llegar  tanto delincuente que se bolo de otros  paises  a seguir delinquente aya que horror","Luky Villegas","0","2022-07-21T18:01:24Z"
"166","KjZcViYBUbQ","Giancarlo: ""En Valpo y Vi√±a hay un miedo desatado a la delincuencia"" | BADBOYS","2022-07-21T16:51:29Z","1634","123","9","Buenas noches muchachos","importadora eve","1","2022-07-22T01:23:34Z"
"167","KjZcViYBUbQ","Giancarlo: ""En Valpo y Vi√±a hay un miedo desatado a la delincuencia"" | BADBOYS","2022-07-21T16:51:29Z","1634","123","9","Saludos","Evelyn Godoy","0","2022-07-22T01:22:09Z"
"168","KjZcViYBUbQ","Giancarlo: ""En Valpo y Vi√±a hay un miedo desatado a la delincuencia"" | BADBOYS","2022-07-21T16:51:29Z","1634","123","9","Muy bien Giancarlo, siempre hablando con la verdad üëèüèª","La Voz de Senior T üá®üá±","4","2022-07-21T20:43:22Z"
"169","LvK5KjrONnc","Falta valent√≠a para opinar de pol√≠tica en Chile. Giancarlo Barbagelata.","2022-09-07T04:32:05Z","1219","149","9","Pero a escuchar la propuesta del presidente,  El PDG no cocina, practicamos la democracia digital.
Somos consultados cada vez que hay que adoptar una posici√≥n","Gloria Andrades","0","2022-09-07T20:58:28Z"
"170","LvK5KjrONnc","Falta valent√≠a para opinar de pol√≠tica en Chile. Giancarlo Barbagelata.","2022-09-07T04:32:05Z","1219","149","9","COMPATRIOTAS, NO A UNA NUEVA CONSTITUCI√ìN. LA DERECHA COBARDE, DE NUEVO EST√Å NEGOCIANDO CON LA IZQUIERDA. YA BASTA, ES HORA DE TRABAJAR MIERDAS!!!!!","MARIA PAZüëâ","0","2022-09-07T04:54:52Z"
"171","LvK5KjrONnc","Falta valent√≠a para opinar de pol√≠tica en Chile. Giancarlo Barbagelata.","2022-09-07T04:32:05Z","1219","149","9","Que dificil es ser clase media cuando no eres clase media xD","nick assio","0","2022-09-08T20:36:49Z"
"172","LvK5KjrONnc","Falta valent√≠a para opinar de pol√≠tica en Chile. Giancarlo Barbagelata.","2022-09-07T04:32:05Z","1219","149","9","Rechazoooo y punto üëçüá®üá±","Victoria Villegas","0","2022-09-07T08:17:59Z"
"173","LvK5KjrONnc","Falta valent√≠a para opinar de pol√≠tica en Chile. Giancarlo Barbagelata.","2022-09-07T04:32:05Z","1219","149","9","Ya gan√≥ el rechaz√≥","DT prog 93","0","2022-09-07T13:15:47Z"
"174","LvK5KjrONnc","Falta valent√≠a para opinar de pol√≠tica en Chile. Giancarlo Barbagelata.","2022-09-07T04:32:05Z","1219","149","9","PDG tambi√©n fue a la cocina de la Moneda","Jorge","1","2022-09-07T04:53:50Z"
"175","LvK5KjrONnc","Falta valent√≠a para opinar de pol√≠tica en Chile. Giancarlo Barbagelata.","2022-09-07T04:32:05Z","1219","149","9","Excelente, asi somos los de clade media, si no nos ayudan le ponemos empe√±o hasta que lo logramos, y despues de todo ese esfuerzo,  los vevinos y el estado te dicen que eres un privilegiado y que debes darle algo de lo que lograste , no ven el esfuerzo que hiciste para ser exitoso","Gonzalo Sanhueza","2","2022-09-07T14:23:08Z"
"176","LvK5KjrONnc","Falta valent√≠a para opinar de pol√≠tica en Chile. Giancarlo Barbagelata.","2022-09-07T04:32:05Z","1219","149","9","Parisi   pagua  tus  cuentas","Marcela Hern√°ndez","0","2022-09-07T14:00:22Z"
"177","LvK5KjrONnc","Falta valent√≠a para opinar de pol√≠tica en Chile. Giancarlo Barbagelata.","2022-09-07T04:32:05Z","1219","149","9","Menstruante. Usd es una Adoctrinada,  clasista.  Hay una Parodia.  El qu√© est√© Libre de PECADOS, Lance la Primera Piedra!!!!!","Daniel Chavez","0","2022-09-11T10:01:24Z"
"178","mpyi4S1b2IQ","Giancarlo: ""Giorgio Jackson le minti√≥ a todo Chile"" | BADBOYS","2022-08-16T22:22:25Z","5124","494","29","Oye el bomba fue el primero que lo dejo de mentitoso","Benjamin Severino vargas","7","2022-08-17T00:09:28Z"
"179","mpyi4S1b2IQ","Giancarlo: ""Giorgio Jackson le minti√≥ a todo Chile"" | BADBOYS","2022-08-16T22:22:25Z","5124","494","29","Se avecina el FRAUDE, RUT N¬∞21759-K  126 A√ëOS, AUTORRIZADO PARA VOTAR, ZONA DE LA ARAUCANIA, REVIZAR.  OLOR A FRAUDE,  CUANTOS TATITAS MAS, QUE SEGURAMENTE YA NO ESTAN, LOS LEVANTARAN PARA LLEVARLOS A VOTAR? OJO, OJO, OJO. FRAUDE EN CAMINOOOO.","Mario Cerda","0","2022-08-16T23:24:10Z"
"180","mpyi4S1b2IQ","Giancarlo: ""Giorgio Jackson le minti√≥ a todo Chile"" | BADBOYS","2022-08-16T22:22:25Z","5124","494","29","¬°Qu√© l√°stima, s√≥lo un extracto ¬øcu√°l es el fondo de esas palabras, en qu√© contexto se dicen?. ¬øSon o no son, si reniegan de c√≥mo y qu√© hace la Dcha.?. No defiendo ese lado, si no que, al parecer, apoyan. Esas palabras est√°n bien para incultos, que Uds., creo, no lo son.
Se debe votar como cae de ""perogrullo"". ¬øNo Abortar es propio de la Dcha. o, propio de gente con Valores √âticos, que no son de ASESINOS?. ¬°No tiene due√±o el ""Con permiso para MATAR""!, porque el Borrador, hasta ahora, lo acoge. Los que voten por Asesinar, ¬øusan üî´üî™üíâ?, ¬øc√≥mo reaccionar√≠an si los Asesinaran a ellos, que NO SON INOCENTES, como los del aborto?","krmyna1","0","2022-08-17T00:09:51Z"
"181","mpyi4S1b2IQ","Giancarlo: ""Giorgio Jackson le minti√≥ a todo Chile"" | BADBOYS","2022-08-16T22:22:25Z","5124","494","29","Las donaciones las hacen a sus propios partidos y conglomerados pol√≠ticos para comprar fidelidades. Eso no es donaci√≥n, es comprar conciencias. Inmoral!!","Julia T√©llez","0","2022-08-19T00:21:34Z"
"182","mpyi4S1b2IQ","Giancarlo: ""Giorgio Jackson le minti√≥ a todo Chile"" | BADBOYS","2022-08-16T22:22:25Z","5124","494","29","La verdad duele, pero sigue siendo verdad.","Sandra Acu√±a Burgos","19","2022-08-16T22:51:43Z"
"183","mpyi4S1b2IQ","Giancarlo: ""Giorgio Jackson le minti√≥ a todo Chile"" | BADBOYS","2022-08-16T22:22:25Z","5124","494","29","LA DC ESTA DATEANDO AL APRUEBO  sino el presidente jamas hablaria de democracia no dateen al apruebo dejen que se saquen la chucha se lo merecen por ciegos. solo digan las debilidades sin mostrar solucion.","N√∫mero 8.","0","2022-08-21T00:33:24Z"
"184","mpyi4S1b2IQ","Giancarlo: ""Giorgio Jackson le minti√≥ a todo Chile"" | BADBOYS","2022-08-16T22:22:25Z","5124","494","29","Ahora no se quejen uds votaron por Boric . Paren de lloriquear","Maria Ines Aguad Kokaly","0","2022-08-20T00:01:23Z"
"185","mpyi4S1b2IQ","Giancarlo: ""Giorgio Jackson le minti√≥ a todo Chile"" | BADBOYS","2022-08-16T22:22:25Z","5124","494","29","excelente comentario directo al cayo","maria","5","2022-08-16T23:51:39Z"
"186","mpyi4S1b2IQ","Giancarlo: ""Giorgio Jackson le minti√≥ a todo Chile"" | BADBOYS","2022-08-16T22:22:25Z","5124","494","29","Giancarlo , pero porque Atacan a la nueva constitucion que es lejos mejor que la de dictadura militar,  todos nos damos cuenta de la inexperiencia del gobierno actual, pero el PDG ES DE CENTRO  Y EN CONTRA DEL DUOPOLIO  se Los de siempre.","Adolfo Montiel","0","2022-08-17T00:37:56Z"
"187","mpyi4S1b2IQ","Giancarlo: ""Giorgio Jackson le minti√≥ a todo Chile"" | BADBOYS","2022-08-16T22:22:25Z","5124","494","29","Este gobierno promete cosas con plata que no es de ellos , es de todos los chilenos . Todo lo quiere regalar y la plata no es suya sr. presidente. Nos llevar√° a la quiebra .
Basta de que nos gobiernen ignorantes y resentidos , no es tema de color pol√≠tico . Es amor a chile .
Miren que Ahora votan los presos y no los mineros en faena , todo a favor de los delincuentes .","Jennifer Hidalgo","0","2022-08-18T19:12:37Z"
"188","mpyi4S1b2IQ","Giancarlo: ""Giorgio Jackson le minti√≥ a todo Chile"" | BADBOYS","2022-08-16T22:22:25Z","5124","494","29","Todas esas denuncias quedan en nada y se saldr√°n con la suya, si no se hacen en tribunales internacionales.","j1mp4ck","4","2022-08-16T23:16:17Z"
"189","mpyi4S1b2IQ","Giancarlo: ""Giorgio Jackson le minti√≥ a todo Chile"" | BADBOYS","2022-08-16T22:22:25Z","5124","494","29","Por eso digo.... Jackson, el Bomba te esta mirando!!!!!!!!!üòÇüòÇüòÇüòÇ","Irene Esquivel","14","2022-08-16T23:14:19Z"
"190","mpyi4S1b2IQ","Giancarlo: ""Giorgio Jackson le minti√≥ a todo Chile"" | BADBOYS","2022-08-16T22:22:25Z","5124","494","29","Utilizando la lucha social, no luchando.","Julia T√©llez","0","2022-08-19T00:19:55Z"
"191","mpyi4S1b2IQ","Giancarlo: ""Giorgio Jackson le minti√≥ a todo Chile"" | BADBOYS","2022-08-16T22:22:25Z","5124","494","29","Cabros, una consulta, no fueron ustedes los que dieron los votos para q boric sea presidente? O sea, su partido? Saludos y vamos x el.rechazo","pablo vega","0","2022-08-17T03:51:30Z"
"192","mpyi4S1b2IQ","Giancarlo: ""Giorgio Jackson le minti√≥ a todo Chile"" | BADBOYS","2022-08-16T22:22:25Z","5124","494","29","Puros pintamonos, se miran el ombligo todo el rato y nada m√°s.
Valen üçÑüçÑüçÑüçÑüçÑüçÑüçÑüçÑ","rober","1","2022-08-17T03:28:17Z"
"193","mpyi4S1b2IQ","Giancarlo: ""Giorgio Jackson le minti√≥ a todo Chile"" | BADBOYS","2022-08-16T22:22:25Z","5124","494","29","Nadie le pedir√° explicaciones a Servel porque votan los fallecidos?","Margarita Yevenes ","1","2022-08-17T00:27:14Z"
"194","mpyi4S1b2IQ","Giancarlo: ""Giorgio Jackson le minti√≥ a todo Chile"" | BADBOYS","2022-08-16T22:22:25Z","5124","494","29","La izquierda klia es mentirosa y sera siempre mentirosa. 
üá®üá±RECHAZO üá®üá± DE üá®üá±SALIDAüá®üá±","Carlos Mu√±oz","0","2022-08-16T23:09:36Z"
"195","mpyi4S1b2IQ","Giancarlo: ""Giorgio Jackson le minti√≥ a todo Chile"" | BADBOYS","2022-08-16T22:22:25Z","5124","494","29","Y qu√© m√°s pueden esperar de sus  militantes de un partido creado y financiado por George Soros?...el rey de la destrucci√≥n de pa√≠ses...miren Espa√±a su penultima destrucci√≥n!.","Soledad Molina","0","2022-08-21T03:50:22Z"
"196","mpyi4S1b2IQ","Giancarlo: ""Giorgio Jackson le minti√≥ a todo Chile"" | BADBOYS","2022-08-16T22:22:25Z","5124","494","29","la peor desgracia para un pais  ES TENER UN GOBIERNO DE   RATAS Y ALACRANES COMUNISTAS.-....TODOS POBRES Y IGUALDAD PERO MENOS ELLOS SERAN POBRES....RATAS TRAIDORAS AL PUEBLO","Gerardo Campos","0","2023-01-20T18:53:28Z"
"197","mpyi4S1b2IQ","Giancarlo: ""Giorgio Jackson le minti√≥ a todo Chile"" | BADBOYS","2022-08-16T22:22:25Z","5124","494","29","El primero que denunci√≥ a Jackson fue Bomballet.

Deber√≠an de escuchar que opinaba de algunos actuales pol√≠ticos ese sujeto y se dar√≠an cuenta que a los chilenos ya nos hab√≠an dicho que se nos ven√≠a mucho antes. Era un verdadero Nostradamus en pol√≠tica.","Fernando Pe√±a","2","2022-08-17T18:22:23Z"
"198","mpyi4S1b2IQ","Giancarlo: ""Giorgio Jackson le minti√≥ a todo Chile"" | BADBOYS","2022-08-16T22:22:25Z","5124","494","29","Asi es...","isabel garay","1","2022-08-17T13:42:07Z"
"199","mpyi4S1b2IQ","Giancarlo: ""Giorgio Jackson le minti√≥ a todo Chile"" | BADBOYS","2022-08-16T22:22:25Z","5124","494","29","Vamos que se puede, RECHAZO RECHAZO","JVsqzL","3","2022-08-17T04:31:21Z"
"200","mpyi4S1b2IQ","Giancarlo: ""Giorgio Jackson le minti√≥ a todo Chile"" | BADBOYS","2022-08-16T22:22:25Z","5124","494","29","Y cu√°ntos 'jackson' m√°s habr√°n en el Congreso, Gobernaciones y Municipios?. Investiguen y denuncien amigos del PDG.","CARLOS MENDOZA","0","2022-08-17T00:39:01Z"
"201","mpyi4S1b2IQ","Giancarlo: ""Giorgio Jackson le minti√≥ a todo Chile"" | BADBOYS","2022-08-16T22:22:25Z","5124","494","29","Se viene el robo del servel agarrense muchachos","soy frionaldo el fracasado de los mundiales pipipi","0","2022-08-16T22:23:25Z"
"202","mpyi4S1b2IQ","Giancarlo: ""Giorgio Jackson le minti√≥ a todo Chile"" | BADBOYS","2022-08-16T22:22:25Z","5124","494","29","que gran verdad y dolorosa a la vez.....gracias por informarnos.......","Sandra Ramirez Matamala","17","2022-08-16T22:34:51Z"
"203","mpyi4S1b2IQ","Giancarlo: ""Giorgio Jackson le minti√≥ a todo Chile"" | BADBOYS","2022-08-16T22:22:25Z","5124","494","29","Rechazo x chile y nuestra Democracia","Bryan espejo","23","2022-08-16T22:28:11Z"
"204","mpyi4S1b2IQ","Giancarlo: ""Giorgio Jackson le minti√≥ a todo Chile"" | BADBOYS","2022-08-16T22:22:25Z","5124","494","29","Gracias por informarnos estos comunistas no piensan por algo al presi le pusieron merluso por que son tontos toda esta lacra la gente inteligente est√° por el Rechazo","Graciela Medina","0","2022-08-17T02:25:17Z"
"205","mpyi4S1b2IQ","Giancarlo: ""Giorgio Jackson le minti√≥ a todo Chile"" | BADBOYS","2022-08-16T22:22:25Z","5124","494","29","Por q la NC es de la ultraizquierda y si no es de todos no es de chile","Carpathian Chriss","0","2022-08-17T12:16:34Z"
"206","mpyi4S1b2IQ","Giancarlo: ""Giorgio Jackson le minti√≥ a todo Chile"" | BADBOYS","2022-08-16T22:22:25Z","5124","494","29","Ya van 2 rojas vader q le mienten a todo Chile son unos carajos","Sergio Ceron","0","2022-08-17T00:50:36Z"
"207","NI4L_gcK9R4","Personas m√°s educadas financieramente y empresas m√°s humanas. Giancarlo Barbagelata","2022-10-04T22:44:22Z","816","84","3","Muy bien  la unidad ase la fuerza   vamos PPG muchas bendiciones","Jos√© Valenzuela","1","2022-10-04T22:59:27Z"
"208","NI4L_gcK9R4","Personas m√°s educadas financieramente y empresas m√°s humanas. Giancarlo Barbagelata","2022-10-04T22:44:22Z","816","84","3","Buena. Y por eso se van a aliar con Jiles. Ustedes votaron Apruebo imb√©ciles.","R. Salazar","0","2022-10-05T00:02:46Z"
"209","NI4L_gcK9R4","Personas m√°s educadas financieramente y empresas m√°s humanas. Giancarlo Barbagelata","2022-10-04T22:44:22Z","816","84","3","Muy buena analog√≠a,, y concuerdo totalmente.","Pablo huentecol","0","2022-10-05T23:08:44Z"
"210","oFY-GT6N9YA","Las funas no son el camino. El rumbo es el di√°logo y la educaci√≥n. Giancarlo Barbagelata","2022-10-17T05:43:02Z","340","28","2","No hablen tanto los del pdg act√∫en j√≥venes muchas dipironas la caga ya est√° pidan los retiros urgente hasta cu√°ndo se los digo las pymes lo necesitan sordos","Juan Jacob quesada","0","2022-10-19T16:10:26Z"
"211","oFY-GT6N9YA","Las funas no son el camino. El rumbo es el di√°logo y la educaci√≥n. Giancarlo Barbagelata","2022-10-17T05:43:02Z","340","28","2","No Giancarlos, no te haremos caso a tu llamado a no funar al merluzo. Estamos chatos con ese weon, tiene la pura cag√° en el pa√≠s. Es mejor que renuncie Boric o esto  puede llegar a reventar!!!","Victor","0","2022-10-23T19:10:07Z"
"212","OjKJVr_ah28","Los. j√≥venes son socialistas porque no saben qu√© es el socialismo. Giancarlo Barbagelata","2022-09-07T21:25:34Z","1047","145","11","Que loco, podriamos decir lo mismo con el capitalismo, el cusl tambien fue el responsable de miles de muertes gracias al ingenioso plan condor, pero no les gusta recordar eso cierto?","nick assio","0","2022-09-08T20:38:34Z"
"213","OjKJVr_ah28","Los. j√≥venes son socialistas porque no saben qu√© es el socialismo. Giancarlo Barbagelata","2022-09-07T21:25:34Z","1047","145","11","Con qu√© moral hablan ? Si se reunieron con los comunistas ?","karen Pamela","0","2022-09-07T22:45:43Z"
"214","OjKJVr_ah28","Los. j√≥venes son socialistas porque no saben qu√© es el socialismo. Giancarlo Barbagelata","2022-09-07T21:25:34Z","1047","145","11","Socialista, derecha da lo mismo lo importante que el gobierno sea responsable con los gastos y todos los que estiran la mano deber√≠a ser duramente sancionado y embargar sus bienes  para recuperar lo robado con inter√©s. Haci quedar√≠a  m√°s dinero para  ayudar a los que realmente lo necesiten.","L B","0","2022-09-09T01:36:54Z"
"215","OjKJVr_ah28","Los. j√≥venes son socialistas porque no saben qu√© es el socialismo. Giancarlo Barbagelata","2022-09-07T21:25:34Z","1047","145","11","Es verdad ..son tan ignorante como el presidente que idolatran .","Isabel Santib√°√±ez","0","2022-09-07T21:29:21Z"
"216","OjKJVr_ah28","Los. j√≥venes son socialistas porque no saben qu√© es el socialismo. Giancarlo Barbagelata","2022-09-07T21:25:34Z","1047","145","11","As√≠ es. Bien dicho. Debo acotar que los padres somos culpables de darle todos a los hijos y as√≠ mal criarlos. He escuchado feriantes que tienen la pel√≠cula muy clara, ya que han tenido que esforzarse toda la vida. Nadie les mete el dedo en la boca. Y eso es gracias al trabajo, el repelente de los comunistas.","marcelo ramos","0","2022-09-08T04:02:10Z"
"217","OjKJVr_ah28","Los. j√≥venes son socialistas porque no saben qu√© es el socialismo. Giancarlo Barbagelata","2022-09-07T21:25:34Z","1047","145","11","Toda la raz√≥n. No tienen idea lo que es el socialismo. Lo peor de todo es que gente educada y profesi√≥n abrasen las ideas socialista, como actores, periodista, profesores, ect.
Esa gente sabr√° de la historia socialista? Pinochet fue un ni√±o de pecho a lado de starlin.
No comprenden ni cual es la filosof√≠a del fascismo ü§¶‚Äç‚ôÇÔ∏è","Franklin Utreras","0","2022-09-07T21:41:38Z"
"218","OjKJVr_ah28","Los. j√≥venes son socialistas porque no saben qu√© es el socialismo. Giancarlo Barbagelata","2022-09-07T21:25:34Z","1047","145","11","No saben porque en la educaci√≥n de la historia el nuevo modelo que quieren implementar borran las historias de todos los pa√≠ses y la muestran a su conveniencia... C√≥mo lo que intentan hacer en USA con la teor√≠a de la raza, y no le ense√±an a los peque√±os que los esclavistas eran los dem√≥cratas.","Salvador Carrasco","0","2022-09-08T03:48:55Z"
"219","OjKJVr_ah28","Los. j√≥venes son socialistas porque no saben qu√© es el socialismo. Giancarlo Barbagelata","2022-09-07T21:25:34Z","1047","145","11","Pero para eso estamos los Padres don Giancarlo para hablar con nuestros hijos.","Julia T√©llez","0","2022-09-09T03:40:38Z"
"220","OjKJVr_ah28","Los. j√≥venes son socialistas porque no saben qu√© es el socialismo. Giancarlo Barbagelata","2022-09-07T21:25:34Z","1047","145","11","El problema es que muchos profesores siembran este germen en la mente de los estudiantes, y muchas veces los estudiantes no tienen esa capacidad de ""filtrar"" la informaci√≥n, ven al docente como un ser omnipotente cuando te hablan las Maravillas del Socialismo, gracias a Dios ten√≠a un hermano cuando estudiaba en el colegio que estudiaba pedagog√≠a en Historia y √©l si me ense√±√≥ de historia y lo nefasto del Socialismo","Tal - Iv√°n","11","2022-09-07T21:29:32Z"
"221","OjKJVr_ah28","Los. j√≥venes son socialistas porque no saben qu√© es el socialismo. Giancarlo Barbagelata","2022-09-07T21:25:34Z","1047","145","11","Porque los j√≥venes est√°n adoctrinados por malos profesores que ense√±an mal y a esos hay que eliminar","Catalina Zeger","0","2022-09-07T21:30:55Z"
"222","OjKJVr_ah28","Los. j√≥venes son socialistas porque no saben qu√© es el socialismo. Giancarlo Barbagelata","2022-09-07T21:25:34Z","1047","145","11","los profesores comubistas no deber√≠an dar clases.","Carolina Letelier","0","2022-09-09T16:48:39Z"
"223","p7j9i7sLENc","¬øDonde hacen los chanchullos los municipios? . Giancarlo Barbagelata explica.","2022-09-30T16:45:58Z","1387","131","7","Ac√° en Arica la corporaci√≥n municipal Chinchorro, mand√≥ a hacer 4 casetas para salvavidas en 2 playas de la ciudad. Las casetas son de 2x3 metros y son de madera. La corporaci√≥n pag√≥ 74 millones por esas basuras, siendo que en las barracas de la ciudad, una caseta de vigilancia de esa dimensi√≥n, con piso, puerta y ventanas de vidrio est√° aproximadamente 700.000 pesos y la empresa te la construye donde el cliente la quiere colocar. Un robo descarado lo que hace la municipalidad de Arica.","Marcos Rodrigo","4","2022-09-30T17:31:18Z"
"224","p7j9i7sLENc","¬øDonde hacen los chanchullos los municipios? . Giancarlo Barbagelata explica.","2022-09-30T16:45:58Z","1387","131","7","A esta altura ya deber√≠amos dar los nombres de los ladrones de nuestra plata, siempre les da miedo apuntar con el dedo a los delincuentes del gobierno.","shogotube","1","2022-09-30T18:37:51Z"
"225","p7j9i7sLENc","¬øDonde hacen los chanchullos los municipios? . Giancarlo Barbagelata explica.","2022-09-30T16:45:58Z","1387","131","7","Recuerda que tienes que incluir en el presupuesto 342 personas asesorando la compra jaja.","shogotube","0","2022-09-30T18:36:53Z"
"226","p7j9i7sLENc","¬øDonde hacen los chanchullos los municipios? . Giancarlo Barbagelata explica.","2022-09-30T16:45:58Z","1387","131","7","ARTURO SOSA CUENTA COMO SALVO A HUGO CHAVEZ TRAS EL FALLIDO GOLPE DE ESTADO EN VENEZUELA.....ESTE VIDEO PONE AL DESCUBIERTO EL PODER MILITAR QUE TIENEN LOS JESUITAS EN TODO EL MUNDO....ESTE ARTURO SOSA ES EL GENERAL SUPERIOR Y CABECILLA DE LOS ESPIAS Y MILITARES DE LA COMPA√ëIA DE JESUITAS.RECUERDEN QUE LOS JESUITAS ADEMAS QUE APOYARON EL MOVIMIENTO PARA ARRUINAR A VENEZUELA CON LA FINALIDAD QUE LAS MASAS DE GENTE SALGAN HUYENDO A OTROS PAISES Y LOS COLAPSEN Y LOS ARRUINEN..TODO ESTA CONSERTADO PARA ARRUINAR LOS PAISES Y LOGRAR LA AGENDA 2030 Y AYUDAR CON LOS MIGRANTES A ENTRAR SIN PERMISO A TODOS LOS PAISES..Y MUCHOS DELINCUENTES VAN MESCLADOS....","Andres palavecini","0","2022-09-30T22:18:36Z"
"227","p7j9i7sLENc","¬øDonde hacen los chanchullos los municipios? . Giancarlo Barbagelata explica.","2022-09-30T16:45:58Z","1387","131","7","Que Misil ... üí£üõ©üéñ , ... ü§å Mero Mero Il Campeone GianCarLooo , ... üéô","Pedro Fern√°ndez","3","2022-09-30T17:12:21Z"
"228","p7j9i7sLENc","¬øDonde hacen los chanchullos los municipios? . Giancarlo Barbagelata explica.","2022-09-30T16:45:58Z","1387","131","7","Muy bueno el comentario","Emmanuel Oviedo","1","2022-09-30T16:48:02Z"
"229","p7j9i7sLENc","¬øDonde hacen los chanchullos los municipios? . Giancarlo Barbagelata explica.","2022-09-30T16:45:58Z","1387","131","7","Todos los ladrones sue√±an con ser alcades","Hector Beyer Chiguay","0","2022-10-03T10:38:22Z"
"230","PlIpOfU9FbM","Giancarlo: Si puedes comprar una propiedad,  HAZLO!! | BADBOYS","2022-06-17T15:32:49Z","1826","119","17","@Alex las dictaduras no necesariamente expropian,te recuerdo que el gobierno de hugo chavez no parti√≥ siendo una dictadura y parti√≥ expropiandolo todo.","fortalezadedios1","3","2022-06-17T16:20:16Z"
"231","PlIpOfU9FbM","Giancarlo: Si puedes comprar una propiedad,  HAZLO!! | BADBOYS","2022-06-17T15:32:49Z","1826","119","17","Si compro una propiedad y los comunistas la quieren expropiar üá®üá±üëä","manuel rodriguez","0","2022-06-17T16:10:22Z"
"232","PlIpOfU9FbM","Giancarlo: Si puedes comprar una propiedad,  HAZLO!! | BADBOYS","2022-06-17T15:32:49Z","1826","119","17","Que pasa si el arrendatario simplemente guiado por el ejemplo de todo lo que est√° ocurriendo, simplemente no quiere pagar m√°s y no quiere irse? O peor uno tiene tiene su casita para ir fines de semana a pasear relajarse y se la toman no m√°s en nombre de la dignidad y con el motivo si √©l no la ocupa y yo la necesito... Yo confieso haber vendido una propiedad que estaba en un sector medio susceptible a est√°s cosas por miedo a que se adue√±aran terceros de √©l. Y lo peor es que sab√≠a que la justicia no har√≠a nada por t√≠.","CAPA8 ENACCION","6","2022-06-17T16:12:22Z"
"233","PlIpOfU9FbM","Giancarlo: Si puedes comprar una propiedad,  HAZLO!! | BADBOYS","2022-06-17T15:32:49Z","1826","119","17","Y un auto ?","Tatau","0","2022-06-17T16:44:31Z"
"234","PlIpOfU9FbM","Giancarlo: Si puedes comprar una propiedad,  HAZLO!! | BADBOYS","2022-06-17T15:32:49Z","1826","119","17","No solamente expropiarla, si la quieres arrendar y se la toman los arrendatarios no los puedes sacar de ninguna manera.","Deathstroke","2","2022-06-18T11:46:30Z"
"235","PlIpOfU9FbM","Giancarlo: Si puedes comprar una propiedad,  HAZLO!! | BADBOYS","2022-06-17T15:32:49Z","1826","119","17","Ser√≠a bueno que expliquen eso, que pasa si gana el apruebo con el tema de las expropiaciones.","Will","2","2022-06-17T16:23:37Z"
"236","PlIpOfU9FbM","Giancarlo: Si puedes comprar una propiedad,  HAZLO!! | BADBOYS","2022-06-17T15:32:49Z","1826","119","17","Ser√≠a bueno que expliquen que pasa si gana el apruebo con el tema de las expropiaciones.","Will","1","2022-06-17T16:23:53Z"
"237","PlIpOfU9FbM","Giancarlo: Si puedes comprar una propiedad,  HAZLO!! | BADBOYS","2022-06-17T15:32:49Z","1826","119","17","Nose si halla expropaciones pero si perdida de  soberania territorial","Gyro Zeppeli","0","2022-06-18T00:54:31Z"
"238","PlIpOfU9FbM","Giancarlo: Si puedes comprar una propiedad,  HAZLO!! | BADBOYS","2022-06-17T15:32:49Z","1826","119","17","Metamos ruido para que los badboys respondan esa duda que muchos tenemos.","Will","1","2022-06-17T16:24:35Z"
"239","PlIpOfU9FbM","Giancarlo: Si puedes comprar una propiedad,  HAZLO!! | BADBOYS","2022-06-17T15:32:49Z","1826","119","17","Jajaja si no es Dictadura","Alex","1","2022-06-17T16:01:30Z"
"240","PlIpOfU9FbM","Giancarlo: Si puedes comprar una propiedad,  HAZLO!! | BADBOYS","2022-06-17T15:32:49Z","1826","119","17","Y si la expropian? Con este gobierno no se sabe","cristian sigma mgtow","11","2022-06-17T15:56:51Z"
"241","PlIpOfU9FbM","Giancarlo: Si puedes comprar una propiedad,  HAZLO!! | BADBOYS","2022-06-17T15:32:49Z","1826","119","17","Para que te lo expropien despu√©s o se lo tomen,  si es que gana el apruebo","crgm2005","1","2022-06-17T17:36:02Z"
"242","PlIpOfU9FbM","Giancarlo: Si puedes comprar una propiedad,  HAZLO!! | BADBOYS","2022-06-17T15:32:49Z","1826","119","17","mentira, es la punta de la curva de la burbuja inmobiliaria.","Marcelo Silva","0","2022-06-18T04:21:18Z"
"243","PlIpOfU9FbM","Giancarlo: Si puedes comprar una propiedad,  HAZLO!! | BADBOYS","2022-06-17T15:32:49Z","1826","119","17","exacto, se viene riesgo de expropiacion y tomas","jorge ploum","3","2022-06-17T16:00:35Z"
"244","PlIpOfU9FbM","Giancarlo: Si puedes comprar una propiedad,  HAZLO!! | BADBOYS","2022-06-17T15:32:49Z","1826","119","17","BUENAS NOCHES CHICOS","karin San Mart√≠n","0","2022-06-17T23:39:15Z"
"245","PlIpOfU9FbM","Giancarlo: Si puedes comprar una propiedad,  HAZLO!! | BADBOYS","2022-06-17T15:32:49Z","1826","119","17","Muchos est√°n vendiendo por temor a que se las quiten .ese es el tema de comprar.¬ø ser√° seguro realmente ?  El famoso estado que todos creen que te da, eso es mentira , √©l estado sobre todo los de izquierda te quitan lo que has ganado con t√∫ esfuerzo. 
Ese es el temor de comprar que te la quiten üêΩ","The Beatles","0","2022-06-17T19:01:13Z"
"246","PlIpOfU9FbM","Giancarlo: Si puedes comprar una propiedad,  HAZLO!! | BADBOYS","2022-06-17T15:32:49Z","1826","119","17","üéâcagamos pos compadrito. Se van a forrar acaparando condominios los mismos de siempre. Para luego distribuirlos a sobreprecio de esclavoüòÖ","Ghost Rider","0","2022-06-18T03:25:41Z"
"247","pMbtS50p_u8","Quieren que 5 personas pasen por arriba de 13 millones. Giancarlo Barbagelata","2022-09-29T04:08:49Z","782","66","4","Art 142 y chao nada mas...","Carlos Zelada","1","2022-09-29T21:34:46Z"
"248","pMbtS50p_u8","Quieren que 5 personas pasen por arriba de 13 millones. Giancarlo Barbagelata","2022-09-29T04:08:49Z","782","66","4","üëåüëåüëå","Pedro Fern√°ndez","1","2022-09-29T12:55:37Z"
"249","pMbtS50p_u8","Quieren que 5 personas pasen por arriba de 13 millones. Giancarlo Barbagelata","2022-09-29T04:08:49Z","782","66","4","No queremos m√°s constituci√≥n,  que la corten , solo pedimos que respeten el art√≠culo 142 de la actual constituci√≥n  y lo dicho en p√∫blico por Camila Vallejo y Gabriel Boric","g. perez","2","2022-09-29T14:26:32Z"
"250","pMbtS50p_u8","Quieren que 5 personas pasen por arriba de 13 millones. Giancarlo Barbagelata","2022-09-29T04:08:49Z","782","66","4","todav√≠a no entienden que no queremos otra constituci√≥n...queremos que que vayan los pol√≠ticos que est√°n de turno desde el Presidente para abajo ...ay√∫denos en eso uds. que tienen mayor tribuna el sr.parisi que ( le di mi voto ) no se la jug√≥ por Chile ...porque?? bueno pero ahora necesitamos tambi√©n salir de la ONU   ...urgente  ..urgente","graciela vargas","2","2022-09-29T20:40:29Z"
"251","S8gkdUmiDKY","Cuando crece el #Estado ganan los #politicos no la gente. Giancarlo Barbagelata","2022-08-28T18:58:48Z","594","77","2","As√≠ no m√°s es y ser√° si gana el apruebo.  Yo lo vi desde 1990, luego de que la misma Casta Pol√≠tica de hoy us√≥ a muchos para llegar al poder con la farsa de 1988 del NO, no era mas que el cuy√≠n fuera para ellos y el resto sin ning√∫n o medio acceso a las necesidades b√°sicas.  Por eso yo no le creo a los pol√≠ticos.","Valdiviana Wuilliche","0","2022-08-29T05:01:53Z"
"252","S8gkdUmiDKY","Cuando crece el #Estado ganan los #politicos no la gente. Giancarlo Barbagelata","2022-08-28T18:58:48Z","594","77","2","Grande Giancarlo Barbagelatta! Un Crak! #RECHAZODESALIDA üá®üá±üá®üá±üá®üá±","Veronica Aguirre","0","2022-08-28T22:27:23Z"
"253","xcMXUeRXg7U","Nadie reclama por propiedad privada porque no saben lo que significa. Giancarlo Barbagelata","2022-08-30T23:44:25Z","541","54","1","Cuando la nueva constituci√≥n le quiere a los chilenos sus ahorros ¬øSaben qu√© pasar√° con ellos?
Adem√°s de robarselos los usar√°n para mantener a los millones de extranjeros en Chile. Esto junto al art. 71 de la nueva constituci√≥n incentivar√°n la llegada masiva de extranjeros sin parar. El fruto del esfuerzo de chileno para su vejez ser√° chupado por los for√°neos.
Por esto y m√°s yo Rechazo.","ijansk","0","2022-08-31T21:36:35Z"
"254","xHq0viK1qdk","¬øEs necesario la paridad de g√©nero? Giancarlo Barbagelata","2022-09-12T17:15:45Z","1127","89","8","Me encant√≥ la respuesta!! las mujeres somos capaces solitas de ganarnos nuestro lugar, no necesitamos ayuda!","Carola Fede","2","2022-09-16T20:36:28Z"
"255","xHq0viK1qdk","¬øEs necesario la paridad de g√©nero? Giancarlo Barbagelata","2022-09-12T17:15:45Z","1127","89","8","Es ignorancia, hace rato las mujeres gobiernan en la UE , en Reino Unido,Alemania, America latina , etc,etc.....todas por sus propios meritos......","isabel garay","0","2022-09-19T01:35:33Z"
"256","xHq0viK1qdk","¬øEs necesario la paridad de g√©nero? Giancarlo Barbagelata","2022-09-12T17:15:45Z","1127","89","8","Soy mujer y no estoy de acuerdo con la paridad, una persona un voto y punto!","Ale","1","2022-09-12T19:06:01Z"
"257","xHq0viK1qdk","¬øEs necesario la paridad de g√©nero? Giancarlo Barbagelata","2022-09-12T17:15:45Z","1127","89","8","Chile requiere de los mejores elementos, de las mejores personas, del mejor recurso humano, sea hombre o mujer...
La paridad de g√©nero DISTA  del prop√≥sito de la Excelencia. Ni Chile y ning√∫n emprendimiento se funda en  la mediocridad y la Paridad amenaza la optizaci√≥n y por ende la Excelencia.
El PDG debe apelar no a la idea de la paridad si no a LOS MEJORES.","guillermo hernan barrera cerda","0","2022-09-15T01:29:46Z"
"258","xHq0viK1qdk","¬øEs necesario la paridad de g√©nero? Giancarlo Barbagelata","2022-09-12T17:15:45Z","1127","89","8","Totalmente de acuerdo con Barbagela,,
Lo √∫nico que  produce eso son ciudadanos de primera y segunda,, y por las mujeres tambi√©n,, si buscamos igualdad,  que logremos los trabajos y etc. Solo por las capacidades individuales para todos por igual,, de lo contrario nos llenamos de incapaces por rellenar espacio, basta mirar ahora a tantas est√∫pidas ocupando cargos importantes,","laura","0","2022-09-13T01:28:44Z"
"259","xHq0viK1qdk","¬øEs necesario la paridad de g√©nero? Giancarlo Barbagelata","2022-09-12T17:15:45Z","1127","89","8","Hoy en la cultura ginocentrista titanezca yo invent√© esa palabra donde en titanic es mujeres y ni√±os primeros . Nadie le importa el hombre como si no llor√°ramos , ni nos estres√°ramos, todo esto siempre  por dentro bajo el miedo a que nos traten de hombres d√©biles . Nadie le importa si un hombre la pasa algo es como si estuvi√©ramos hechos de caca y no de carne y huesos como todos","comerlo rico","0","2022-09-12T19:39:40Z"
"260","xHq0viK1qdk","¬øEs necesario la paridad de g√©nero? Giancarlo Barbagelata","2022-09-12T17:15:45Z","1127","89","8","Yo quer√≠a votar y nunca me lleg√≥ el c√≥digo a mi correo, soy militante...ü§¨ü§¨ü§¨üò≠üò≠","Veronica Narvaes","3","2022-09-12T17:24:54Z"
"261","xHq0viK1qdk","¬øEs necesario la paridad de g√©nero? Giancarlo Barbagelata","2022-09-12T17:15:45Z","1127","89","8","Y ya han regalado tierras por a√±os solo por tener un certificado de calidad ind√≠gena.","Maricela Sepulveda","2","2022-09-12T17:18:19Z"
"262","zujQJJrOFQg","Subir impuestos a las empresas, sube los costos que terminas pagando tu. Giancarlo Barbagelata","2022-07-28T01:34:28Z","1067","106","4","Rechazo PDG manda","marcelo esteban mu√±oz lastarria","1","2022-07-28T02:45:34Z"
"263","zujQJJrOFQg","Subir impuestos a las empresas, sube los costos que terminas pagando tu. Giancarlo Barbagelata","2022-07-28T01:34:28Z","1067","106","4","Como genera riqueza el Estado?
Seg√∫n lo que est√° diciendo tendr√≠a que pagarle a qui√©n??
Como se solucionar√≠a el problema?
Son mis inquietudes y quiz√°s de muchos que ignoramos estos temas. Toda empresa, que realiza una actividad comercial con fines fines lucro paga impuesto, siempre ha sido as√≠, no s√© qu√© quieren cambiar. ¬øQue sea todo gratis? 
Ser√≠a super bueno que la  gratuidad llegue en todos  los servicios  sociales, pero eso tiene un costo, ¬øQui√©n lo pagar√≠a?
Yo creo que el Estado para cubrir las necesidades sociales tiene que sacar los recursos de alg√∫n lado.
Aqu√≠ nadie se ha hecho cargo se√±ores han pasado d√©cadas y d√©cadas y la situaci√≥n pol√≠tica sigue igual. Nadie se hace cargo de organizar el Estado, el Estado somos todos, el Estado es Chile se√±ores, as√≠ que cuando se refieran al Estado lo hagan con respeto a la  patria en que vivimos, el Estado es Chile se√±ores. No olvidar eso.","Constanza Cofr√© Encina","0","2022-07-29T15:44:48Z"
"264","zujQJJrOFQg","Subir impuestos a las empresas, sube los costos que terminas pagando tu. Giancarlo Barbagelata","2022-07-28T01:34:28Z","1067","106","4","Suban los videos a face","Gyro Zeppeli","0","2022-07-28T04:32:32Z"
"265","zujQJJrOFQg","Subir impuestos a las empresas, sube los costos que terminas pagando tu. Giancarlo Barbagelata","2022-07-28T01:34:28Z","1067","106","4","#RECHAZO x mi libertad","Leonore Lapprte","2","2022-07-28T04:30:46Z"
